Source,Target,Distance,Weight
1,2,2.7165270174432883,0.2690684058817714
1,3,5.882672412134531,0.14529240099193808
1,4,0.4018165198047934,0.7133601194393491
1,5,0.7859571554377156,0.5599238464121569
1,6,4.9875222947626385,0.16701399189356048
1,7,0.2362296078565136,0.8089112197643367
1,8,0.8341488165706176,0.5452120302155964
1,9,2.8573811763812293,0.2592432415346989
1,10,1.2223720881784372,0.4499696541903782
1,11,2.8055066229143573,0.26277710147149175
1,12,1.072455112641225,0.48251949772053565
1,13,0.2955931833883926,0.7718472224318736
1,14,0.40753233238147196,0.7104632533080443
1,15,1.8122969416794028,0.35558122799181935
1,16,0.4339635489221036,0.697367796239793
1,17,0.33072706841439486,0.7514688952645511
1,18,2.3910628240366103,0.2948927967101573
1,19,1.0716081184593285,0.4827167798240277
1,20,1.3578339943336337,0.4241180687033983
1,21,0.7871021218456009,0.5595651125786064
1,22,1.3606711044441289,0.4236083536234378
1,23,1.0256233469051432,0.4936751946149584
1,24,1.8476457160518613,0.3511672798210506
1,25,3.583400933834606,0.21817860022194724
1,26,0.31081358549487675,0.7628849830866422
1,27,3.208425636465654,0.23761855058934253
1,28,1.0842924852554394,0.47977911309191595
1,29,1.4266576088005563,0.41208945026829646
1,30,2.958240328080518,0.25263751493455505
1,31,1.75114077846445,0.3634855794468469
1,32,3.1757323181862915,0.239478952145655
1,33,1.30830781861716,0.43321778487891227
1,34,0.24330832416204362,0.8043057225358585
1,35,0.4858654459677224,0.6730084495293682
1,36,4.5044739554450794,0.18167040267504403
1,37,4.310250446184124,0.18831503525762835
1,38,1.463171872720031,0.40598060211515824
1,39,9.063097211427763,0.09937298418069429
1,40,3.1321866939561525,0.24200261848348406
1,41,1.7956475507258163,0.3576988807978947
1,42,2.7683403608926085,0.26536881073107993
1,43,0.7687993234118702,0.5653552592224432
1,44,4.089527510421539,0.19648189305438593
1,45,0.8666154988637037,0.535728970754152
1,46,4.784261486669079,0.17288291725826857
1,47,2.899602093900992,0.2564364199014068
1,48,2.512701801393585,0.284681153294388
1,49,3.479375841680536,0.22324538849698936
1,50,1.545315065598674,0.392878670902297
1,51,1.4278533929084933,0.41188648495864527
1,52,2.4232702859509256,0.29211833027149275
1,53,3.684810817294631,0.2134557912794175
1,54,4.280622695211737,0.1893716059105607
1,55,2.573132368730815,0.2798664859861328
1,56,8.291761257470172,0.10762222277246344
1,57,2.189556667996557,0.31352319588293315
1,58,2.897179674339238,0.25659581635007594
1,59,1.1443539394810596,0.4663409251562282
1,60,0.9496265271165243,0.5129187493560567
1,61,1.538237391577863,0.39397418197293305
1,62,4.5357991791146866,0.18064239103412078
1,63,0.9599696490669782,0.5102119823518895
1,64,9.228316227173451,0.09776780242121488
1,65,1.261703967700148,0.4421445132878583
2,3,3.688539299568558,0.21328604414002045
2,4,2.8403911910800033,0.2603901400260159
2,5,2.6528199583610745,0.2737610972889762
2,6,2.7121832702519146,0.26938325163351606
2,7,2.4803113843911175,0.2873306119920504
2,8,2.771698698383257,0.2651325251480589
2,9,0.35131925903784195,0.7400175741682345
2,10,2.390256665686499,0.29496291833040555
2,11,1.2463680003747395,0.4451630364362294
2,12,1.9948917870425895,0.3339018806377258
2,13,2.5078668505784885,0.28507353402968766
2,14,2.688779462486578,0.2710923789751062
2,15,1.3895907939364274,0.4184816925715876
2,16,2.917628618504817,0.25525645674440045
2,17,2.4267424549162517,0.29182233948318115
2,18,1.5160769377473788,0.3974441262099445
2,19,2.7707789803000606,0.26519719273507375
2,20,3.28857265097076,0.23317781494820666
2,21,2.678656593229457,0.27183836671259104
2,22,1.7699056463277199,0.3610231277465274
2,23,1.6963647694515642,0.37086970254525253
2,24,2.413738427467114,0.29293398461755266
2,25,1.0434952093617393,0.4893576434232687
2,26,2.5301179319116662,0.2832766551395266
2,27,3.8418118432010075,0.20653425461053898
2,28,2.287198096383878,0.30421044630686
2,29,2.5405724237859166,0.2824402046634891
2,30,3.019782356464452,0.24876968734186325
2,31,1.4512068183060045,0.4079623116792268
2,32,2.522235963210692,0.28391056432472817
2,33,1.766054406602657,0.3615257883622857
2,34,2.6371883648063275,0.2749376440538701
2,35,2.2480794291290542,0.3078742444017577
2,36,1.795358775186835,0.35773583300882816
2,37,1.6130701300237595,0.38269160422070553
2,38,1.5695337848407769,0.3891756574284411
2,39,6.3529104273162735,0.13600056873873662
2,40,1.378963436199304,0.42035114318428823
2,41,2.3415461083375924,0.29926266691483616
2,42,1.2011659297250916,0.4543046875729592
2,43,2.6099764050701,0.2770101207851472
2,44,1.7426490110829522,0.36461100051775985
2,45,2.1511892396387386,0.31734050986878937
2,46,2.0884237446607874,0.32378976548434535
2,47,0.6551466412141667,0.6041760742519041
2,48,1.029661194608893,0.492693067520905
2,49,1.2378084379033885,0.4468657741486148
2,50,1.2131687276860184,0.45184083232802197
2,51,2.17938893134629,0.3145258480775288
2,52,0.9258309796236392,0.5192563680720453
2,53,1.017457192552026,0.4956734664268283
2,54,1.6356717922817559,0.3794099109488436
2,55,1.2613113551320752,0.4422212791398616
2,56,5.991287933780259,0.14303516168576538
2,57,1.1323328460831958,0.4689699367698919
2,58,0.867169470777369,0.5355700249231605
2,59,2.9731699654166333,0.251688200782807
2,60,2.895575752854245,0.25670146428735496
2,61,2.3155252266070305,0.30161133806946117
2,62,2.1099610847410473,0.3215474318654587
2,63,1.8241307611372957,0.35409125305419414
2,64,6.561227398840047,0.13225366031887997
2,65,2.5086898901401216,0.28500666382917766
3,4,6.1555146236255975,0.13975235222051915
3,5,6.125524135740523,0.14034055333335482
3,6,4.717182554782376,0.17491132921118782
3,7,5.675132250779055,0.14980976592385717
3,8,6.248405695512403,0.13796137274975034
3,9,3.860210460199271,0.20575240685338542
3,10,5.986682628043561,0.14312944400624994
3,11,3.0786696970813225,0.24517798063314505
3,12,5.534585108119833,0.15303190385528936
3,13,5.78935906133499,0.147289308308194
3,14,6.028827883847553,0.142271231637074
3,15,5.062347620849387,0.16495259964322062
3,16,6.225930699798363,0.13839047751010186
3,17,5.551950090029896,0.15262631525867393
3,18,3.516577347211749,0.22140659245376085
3,19,6.313067308261469,0.13674152826001124
3,20,6.832579367396573,0.12767186300882444
3,21,6.149836608443672,0.13986333601232787
3,22,4.535314630760754,0.18065820404188362
3,23,4.952434888656475,0.1679984777163535
3,24,4.447500101115817,0.18357044175091783
3,25,3.7753542870727483,0.20940854644169063
3,26,5.825236790682033,0.1465150632378385
3,27,4.709538382783647,0.17514550791275296
3,28,4.954384228648129,0.16794347855295155
3,29,4.8799771653227335,0.17006868766387687
3,30,3.9332810128054017,0.20270485249153308
3,31,5.118126700484157,0.16344872359718624
3,32,3.1918082101999063,0.23856053279506084
3,33,5.35467055636729,0.15736457006382717
3,34,5.912664279977967,0.14466202313577237
3,35,5.411243982242499,0.15597597015021475
3,36,3.0038978912673375,0.24975661896399512
3,37,2.5645371841652977,0.2805413293042049
3,38,5.178987070985294,0.16183882382530074
3,39,5.002002409104651,0.16661106274850282
3,40,4.7393240140165585,0.17423654729334034
3,41,6.021058021617055,0.14242867626518846
3,42,4.74486634637359,0.17406845341689167
3,43,6.079953824843108,0.14124385903352413
3,44,4.2252433496495225,0.1913786465212331
3,45,5.635116452911381,0.15071325531313262
3,46,2.361002044514323,0.29753031588664314
3,47,4.1202274176680325,0.19530382508975397
3,48,4.667031126253481,0.1764592390127047
3,49,4.2524711425254536,0.19038657669220196
3,50,4.725359451364794,0.1746615227383886
3,51,5.817044761162572,0.1466911301062751
3,52,4.589813940711226,0.17889683102274492
3,53,2.812235741688076,0.26231326385844
3,54,3.4485092483802284,0.22479440733187545
3,55,4.876054467541839,0.17018222099944819
3,56,2.410420089966236,0.2932190092775052
3,57,4.818898291064649,0.17185383726943199
3,58,4.335946574590905,0.18740817323057019
3,59,6.511182242825403,0.13313483386123254
3,60,6.390873705324697,0.1353020008012798
3,61,5.968948931769334,0.14349366163974914
3,62,4.168314260277792,0.19348668630422078
3,63,5.246662532982776,0.1600854848040752
3,64,5.7089907464215575,0.14905371579672846
3,65,6.1100840442118285,0.1406453135830482
4,5,0.4649497564932799,0.6826172676349991
4,6,4.9387142960400965,0.16838661537679878
4,7,0.5110365265367172,0.6617973705056565
4,8,0.4724452846363454,0.6791423833768963
4,9,2.935907507563183,0.25407101108916164
4,10,0.9643764274155799,0.5090673997323639
4,11,3.079163022965242,0.24514832929454142
4,12,0.9754931624055272,0.5062027138490905
4,13,0.366200312872597,0.7319570860713552
4,14,0.15572459808116235,0.8652580395539644
4,15,1.7620352981550174,0.36205185381518457
4,16,0.07729288654995786,0.9282526715668855
4,17,0.6673654935490057,0.5997485277636933
4,18,2.701996267286912,0.27012452952387
4,19,0.7165250322552192,0.5825723372563765
4,20,0.9562147818643058,0.5111913115424795
4,21,0.45612336982525603,0.6867549966731228
4,22,1.68237267875275,0.3728042743355782
4,23,1.215208111214113,0.45142485481958583
4,24,2.237126390034378,0.3089159580171289
4,25,3.628651107985338,0.2160456635573164
4,26,0.3308200500361942,0.7514163916998419
4,27,3.6092171668926096,0.21695658151732714
4,28,1.4676350098199655,0.40524631723107146
4,29,1.8250368578656269,0.35397768252677614
4,30,3.3524453076066227,0.22975590256179293
4,31,1.6936554024889927,0.371242735457542
4,32,3.5410198584077923,0.2202148484659188
4,33,1.2381513147034147,0.44679731590556626
4,34,0.24769612780225292,0.8014772008321002
4,35,0.7618420555903967,0.5675877680561427
4,36,4.6000847512261664,0.1785687260859838
4,37,4.451736847357168,0.18342778237448656
4,38,1.4243956131891715,0.41247393559030154
4,39,9.14614558017749,0.09855959507950472
4,40,3.0732820672328134,0.2455022715083786
4,41,1.541643596854117,0.39344619412325776
4,42,2.7182290507606766,0.26894523880808785
4,43,0.4667144938002075,0.6817959488550727
4,44,4.077279426717395,0.1969558726151356
4,45,0.765448886483346,0.5664281801961041
4,46,4.927337130932765,0.1687098233001357
4,47,2.934914976582026,0.25413509718795174
4,48,2.486628289536769,0.2868100402331272
4,49,3.4725921638669854,0.22358398963329668
4,50,1.6309795571144516,0.3800865716709552
4,51,1.2155404307575455,0.45135714343884775
4,52,2.4163701369025388,0.29270833075091
4,53,3.838478835174856,0.2066765266658155
4,54,4.340489280641252,0.18724876082513667
4,55,2.5102575316994358,0.2848793830565092
4,56,8.559155177465906,0.1046117550594148
4,57,2.1581583845036905,0.3166402308721295
4,58,2.9010464440551496,0.2563414751249403
4,59,0.7572497730833515,0.5690710650913068
4,60,0.5649084188710206,0.6390150298516732
4,61,1.2894936300905744,0.4367778039899762
4,62,4.5287293280622665,0.18087338711343362
4,63,1.0174252510105104,0.49568131433821844
4,64,9.270280676033597,0.09736832239975374
4,65,0.9711622095929227,0.5073149206764249
5,6,4.567236986276237,0.17962231578520801
5,7,0.7657108312131937,0.5663441500853879
5,8,0.12299926211096424,0.8904725352359043
5,9,2.697181289279356,0.2704763228407761
5,10,0.5095965115110651,0.6624286638017115
5,11,3.0794959524839007,0.24512832262797699
5,12,0.6677509676005993,0.5996099054517141
5,13,0.5662582355322485,0.638464320451077
5,14,0.3813601004199697,0.7239241959399101
5,15,1.4324943820901508,0.41110064112079786
5,16,0.5084102581579015,0.6629496150611032
5,17,0.9239634164740326,0.5197604026341925
5,18,2.769252015251698,0.26530462700653973
5,19,0.2949472588280888,0.772232222727733
5,20,0.7308387795960632,0.5777545614233213
5,21,0.025855396932467762,0.9747962558760416
5,22,1.8029402258702139,0.35676822173028516
5,23,1.1984835507227884,0.4548589866279568
5,24,2.4835019873997,0.2870674406436786
5,25,3.3461818306462776,0.23008701406570004
5,26,0.5265156286718727,0.655086643868847
5,27,3.9455536080465095,0.20220183204019487
5,28,1.7171021688765178,0.36803916004876824
5,29,2.116627271334436,0.32085967070801935
5,30,3.604184084206245,0.21719374849287731
5,31,1.3605635028833216,0.4236276629620619
5,32,3.701921649799986,0.2126790011574393
5,33,0.9243049021328357,0.5196681663553594
5,34,0.5464935705592309,0.646624091452503
5,35,0.9310132741854658,0.5178628305503581
5,36,4.358542150107338,0.18661792181292608
5,37,4.261148772497888,0.19007255701024778
5,38,1.1260186258319755,0.47036276533497895
5,39,8.875078018568267,0.10126502272890239
5,40,2.7068850158218996,0.2697682813822801
5,41,1.0807689159689917,0.4805915699362083
5,42,2.363556422717053,0.29730436309797603
5,43,0.045601720236046146,0.9563871028963576
5,44,3.7391758513342888,0.2110071521651714
5,45,0.5039713970595391,0.6649062621504178
5,46,4.734732048998048,0.1743760635119328
5,47,2.65282909614583,0.27376041245814625
5,48,2.15663503671759,0.3167930370055845
5,49,3.144495085817244,0.2412839149989756
5,50,1.4498080271893927,0.40819524995486134
5,51,0.7786090662636939,0.5622370980603905
5,52,2.105298480595145,0.322030235176731
5,53,3.66834638089348,0.21420861230280194
5,54,4.0652245624330785,0.1974246131981265
5,55,2.1486919340714064,0.3175922004878239
5,56,8.512684285519565,0.10512279920003482
5,57,1.8316130775191812,0.3531555945758363
5,58,2.590049750257283,0.278547671916896
5,59,0.42987151222323533,0.6993635382280959
5,60,0.2682813528109184,0.7884685821357218
5,61,0.832405240052345,0.5457308122363991
5,62,4.191935196477855,0.1926064101644388
5,63,0.8793032360475467,0.5321121045388866
5,64,8.960960357746336,0.10039192648953074
5,65,0.5064593882834992,0.6638081369982547
6,7,4.770368874897883,0.1732991463249733
6,8,4.651607478350509,0.17694080911151006
6,9,2.393276252391123,0.29470043863812595
6,10,4.09957408561996,0.19609480776440746
6,11,3.8057656912787867,0.20808338654852435
6,12,3.9639283572336947,0.20145335065981523
6,13,4.710110745288045,0.17512795190972347
6,14,4.787555730831134,0.17278451327437896
6,15,3.1831210535451184,0.2390559553978287
6,16,5.009246999921715,0.1664102008143495
6,17,4.783143107193667,0.17291635041092054
6,18,4.196131442542245,0.19245086677613812
6,19,4.51843260712506,0.18121087475252695
6,20,4.917883929334513,0.16897931962522514
6,21,4.5896811445975105,0.1789010811406499
6,22,4.411994908763803,0.18477474884181258
6,23,4.109324304466862,0.1957205963860511
6,24,5.1214019807935065,0.16336126971200343
6,25,1.6812170462651748,0.37296495686276454
6,26,4.713323172067008,0.1750294828216785
6,27,6.534794504136674,0.13271762082575583
6,28,4.895597676979333,0.16961808705243261
6,29,5.206336400990355,0.16112565213842234
6,30,5.681068091856437,0.14967666640292163
6,31,3.248898863193216,0.2353550960373908
6,32,5.079041405038332,0.16449961982019012
6,33,3.703965302938473,0.21258660206853994
6,34,4.819438762566139,0.17183787660634134
6,35,4.60990174381461,0.1782562414934601
6,36,1.7600948266138283,0.36230639264913644
6,37,2.2990762774192626,0.3031151497904318
6,38,3.529833730981366,0.2207586545970982
6,39,4.694883249431719,0.17559622492696195
6,40,1.865438524968423,0.34898672272545783
6,41,3.666737831150351,0.2142824465786414
6,42,2.2231150618877913,0.31025885852622836
6,43,4.539240662883799,0.18053015943152528
6,44,0.9716899570652289,0.5071791314941091
6,45,4.175847784237191,0.19320506353479994
6,46,2.3640461567173694,0.29726108186809136
6,47,2.198150951008099,0.3126806755899958
6,48,2.4755388019982565,0.2877251721157742
6,49,1.5512339263271522,0.39196719269080743
6,50,3.5117071581114265,0.22164559111557985
6,51,3.814436674381664,0.2077086204749871
6,52,2.573187260866099,0.2798621866119638
6,53,2.5049161294913693,0.28531353192326436
6,54,1.411323918116895,0.4147099410770754
6,55,2.428479686287018,0.2916744713406723
6,56,6.357925909357603,0.13590786484112705
6,57,2.798099930664404,0.2632895443130348
6,58,2.1260435148321166,0.31989317975111575
6,59,4.683635570416894,0.17594372257168664
6,60,4.713192207076922,0.17503349506801147
6,61,3.8329049884039503,0.2069148891607419
6,62,0.6556314855772417,0.6039991439588663
6,63,4.03346411860975,0.19867033447259408
6,64,4.553039661435205,0.18008155190117012
6,65,4.168731028209167,0.19347108498049945
7,8,0.8446026869157707,0.5421221638097194
7,9,2.622574612643445,0.27604676422945656
7,10,1.126901036211434,0.4701676208599066
7,11,2.5964767542280156,0.278049899481319
7,12,0.8983429239309602,0.526775214000465
7,13,0.19950643121419157,0.8336762304706923
7,14,0.43866003015249205,0.6950912509149254
7,15,1.6052208685980827,0.38384461450215485
7,16,0.5694948110684952,0.6371476942438635
7,17,0.16374096824360188,0.8592977537855945
7,18,2.2001249811465904,0.312487795286578
7,19,1.0606480813168846,0.4852842215352642
7,20,1.4252700254183697,0.41232522132354954
7,21,0.7745343615137108,0.5635281128887137
7,22,1.1750402573759633,0.45976160515135994
7,23,0.79068780089329,0.5584446375862654
7,24,1.7451532669760055,0.36427838548394637
7,25,3.3510782364231786,0.22982808988101625
7,26,0.2403902745158315,0.8061978721901344
7,27,3.179928440849167,0.23923854538448663
7,28,0.9730654182725151,0.5068255673324473
7,29,1.356543833907157,0.42435026482914895
7,30,2.865373079930153,0.2587072397208473
7,31,1.546916587846958,0.39263162553955183
7,32,3.0310954728943242,0.24807152465729138
7,33,1.115648283462463,0.4726683578819648
7,34,0.26797197829444497,0.7886609618495707
7,35,0.2639878435896417,0.7911468492925267
7,36,4.268407664276715,0.18981067216583497
7,37,4.074885301564378,0.19704878841138365
7,38,1.2568722642655865,0.4430910937378248
7,39,8.827133191733935,0.10175907667977342
7,40,2.9206538083811773,0.25505949999010397
7,41,1.6814719519750074,0.37292950212045345
7,42,2.555597142819969,0.2812467104208811
7,43,0.7365349014520359,0.575859430849234
7,44,3.8654590671070244,0.2055304517430859
7,45,0.7066715995565162,0.5859358064315672
7,46,4.549077106721341,0.1802101467987796
7,47,2.6692441081648837,0.27253569686867596
7,48,2.2948400442417647,0.30350487021294176
7,49,3.2550522730797513,0.23501473914354828
7,50,1.3119738349794179,0.43253084653049384
7,51,1.2973104220552913,0.4352916307694059
7,52,2.2014206631279336,0.31236132493221136
7,53,3.450084367367194,0.22471484076416073
7,54,4.046504312024898,0.19815696929400867
7,55,2.3647223744594976,0.29720134047036734
7,56,8.082608947860644,0.11010052351043301
7,57,1.9744779953316411,0.3361934435452108
7,58,2.6718960969646828,0.2723388607936469
7,59,1.1716802743749395,0.4604729396862176
7,60,0.9807616804345455,0.5048562933530787
7,61,1.4263001244792148,0.4121501663833289
7,62,4.310340029663646,0.18831185845237475
7,63,0.7371870147740478,0.575643262064141
7,64,8.994820983302091,0.10005181700309151
7,65,1.1870723769605893,0.45723223910390953
8,9,2.8110695752039603,0.2623935302851253
8,10,0.5648227012434232,0.6390500337229197
8,11,3.20121621160872,0.2380263118181871
8,12,0.781919739199828,0.5611925037931565
8,13,0.6463339179859323,0.6074101912589914
8,14,0.4278820605363874,0.7003379534191694
8,15,1.5350543046162892,0.3944688672660848
8,16,0.4984589286872559,0.667352291648102
8,17,1.0064016760161785,0.4984046873333735
8,18,2.886995740690213,0.2572680977063356
8,19,0.24409595888388513,0.8037965181537357
8,20,0.615058983794643,0.619172432730885
8,21,0.09863104730806155,0.9102236846940255
8,22,1.913920404561948,0.3431802730213322
8,23,1.3185594524403923,0.4313022894226211
8,24,2.5779549416150913,0.27948926588455003
8,25,3.452989627743314,0.22456823024462783
8,26,0.6044152288752432,0.6232800474606804
8,27,4.021145723134332,0.1991577331429795
8,28,1.8085426013344497,0.3560565538599487
8,29,2.200840759415893,0.312417916154781
8,30,3.6992405881413863,0.2128003410856463
8,31,1.4627602398120683,0.40604845889355
8,32,3.8112297528904207,0.20784706849620607
8,33,1.0340729867763625,0.4916244434202034
8,34,0.604821700813355,0.6231221820425163
8,35,1.0288427168974679,0.4928918302396614
8,36,4.470618673758334,0.18279468185140318
8,37,4.378726568203168,0.1859176121559313
8,38,1.2366137171687486,0.447104474198551
8,39,8.981393457031603,0.10018641227849093
8,40,2.795203828116003,0.2634904593507472
8,41,1.1151771463672566,0.47277364059907007
8,42,2.456158750915303,0.289338561122277
8,43,0.16849142058174033,0.8558043151931267
8,44,3.83395043690251,0.20687013924800976
8,45,0.6253948623162069,0.6152351180530915
8,46,4.851941477874896,0.17088345872576038
8,47,2.7606524869387346,0.2659113022203296
8,48,2.2561408227630815,0.307112024458274
8,49,3.2424417687811236,0.23571331193245945
8,50,1.5708597408430662,0.3889749347710693
8,51,0.8455656798765744,0.5418392912827014
8,52,2.2090376133123635,0.3116199061835868
8,53,3.787779229874961,0.20886510258454763
8,54,4.172571976109231,0.19332742098490668
8,55,2.2398886707406507,0.3086525808837117
8,56,8.635683286252112,0.10378091208402089
8,57,1.9329728857101731,0.34095098692256265
8,58,2.6926659868519045,0.2708070547297256
8,59,0.32861849242966934,0.7526615094535388
8,60,0.14954005724826122,0.8699131393418109
8,61,0.8767351690701488,0.5328402304601465
8,62,4.286609834969302,0.1891571406282542
8,63,1.0022905917707043,0.4994280071583719
8,64,9.060077915776365,0.09940280864343853
8,65,0.5348406178115743,0.6515334480956286
9,10,2.3765916889655063,0.29615662541252424
9,11,1.592403636061536,0.38574239986765047
9,12,2.0295791573426847,0.33007884860058373
9,13,2.624735507845289,0.2758821982557415
9,14,2.7811206521263814,0.2644718568918535
9,15,1.3314795277763023,0.4289121942038972
9,16,3.0129670058234455,0.24919218088482734
9,17,2.588764889760081,0.2786473983997466
9,18,1.8642910937274464,0.3491265263471003
9,19,2.779479026875858,0.26458673084015144
9,20,3.2859298009999685,0.23332160031335228
9,21,2.7229281525573965,0.2686057745468627
9,22,2.037439010061517,0.32922471749638427
9,23,1.8624729938136537,0.3493482740836994
9,24,2.7288730915852244,0.2681775366012466
9,25,0.7605908541041085,0.5679911364238334
9,26,2.642046895901135,0.2745708741766694
9,27,4.183156918838866,0.19293261146799712
9,28,2.5411346027668937,0.2823953653777075
9,29,2.8241603844669747,0.2614953086334489
9,30,3.3681174621699763,0.22893157261920877
9,31,1.4006502385294162,0.4165538086100278
9,32,2.872469050820785,0.2582331806597773
9,33,1.780090529797465,0.3597005166852793
9,34,2.7511724482869298,0.2665833186252677
9,35,2.4086082059337266,0.29337487314006744
9,36,1.6655795425946023,0.37515293917157966
9,37,1.5958237197544733,0.3852341714847206
9,38,1.5774059982061783,0.38798699184217755
9,39,6.212823561113277,0.1386419606035189
9,40,1.0462632281258373,0.4886956801329491
9,41,2.24300206020567,0.3083562641759717
9,42,0.9160205488306896,0.5219150705926827
9,43,2.6567524155447617,0.2734666956803051
9,44,1.4216026768335965,0.41294965915199816
9,45,2.2077201949232617,0.3117478892275774
9,46,2.0594677463458053,0.3268542383538408
9,47,0.31648104868640503,0.7596007561201186
9,48,0.8069970195392561,0.5534043438848493
9,49,0.8913405576758259,0.5287255095025563
9,50,1.3146151609985057,0.43203726340780046
9,51,2.1386853393846295,0.31860473155810515
9,52,0.7402841447133667,0.5746188075308271
9,53,1.0801563546561719,0.48073309381846424
9,54,1.4258969556451488,0.41221866315177336
9,55,1.0191921981163987,0.49524755540005005
9,56,6.11017699557228,0.1406434749265356
9,57,0.9993114838254152,0.5001721883208682
9,58,0.5413102033064164,0.6487986635362574
9,59,2.9795329872721803,0.2512857672491521
9,60,2.92375494851946,0.25485791368732835
9,61,2.2554603778595697,0.30717621593585154
9,62,1.812148367852639,0.35560001436325406
9,63,1.9233076286884518,0.3420782644242789
9,64,6.375152227828684,0.1355904216087496
9,65,2.488594826293089,0.28664836411013656
10,11,3.0131137587727865,0.24918306833788853
10,12,0.4791624654056745,0.6760582582290853
10,13,0.9472197166647717,0.5135527292794753
10,14,0.8516456433761572,0.5400601370879322
10,15,1.0529297799160249,0.4871087212933825
10,16,1.0148343515630223,0.4963187168335912
10,17,1.258875855727499,0.44269807810130296
10,18,2.785201932952296,0.26418669801852357
10,19,0.42539112177701377,0.7015618272922277
10,20,0.9098610367561488,0.5235983041459786
10,21,0.5259274561217162,0.6553391486523161
10,22,1.9218385151171569,0.3422502629170466
10,23,1.239515304240092,0.44652519145847863
10,24,2.7012371303906435,0.2701799330253817
10,25,2.9681726088484135,0.25200516675362206
10,26,0.9193305626805062,0.5210149931668967
10,27,4.23861293382979,0.1908902246894829
10,28,1.9705276520889146,0.33664052892986424
10,29,2.393881201933205,0.2946479091343519
10,30,3.8036200123702275,0.2081763331455884
10,31,0.9812740964983744,0.5047257225879854
10,32,3.798505030478844,0.2083982393783611
10,33,0.6336710168953124,0.6121183455286097
10,34,0.9812874144454016,0.5047223298896886
10,35,1.1974177847299465,0.4550795970384375
10,36,4.01230512884414,0.19950900320200665
10,37,3.9680472970070197,0.20128632845392713
10,38,0.8219244653963552,0.5488701749127961
10,39,8.484884082168403,0.1054309142143341
10,40,2.252421070746822,0.3074632645183238
10,41,0.5793874715090636,0.6331568522856055
10,42,1.9245552414285736,0.3419323341321207
10,43,0.49895743349558586,0.6671303518392704
10,44,3.303487152686106,0.23236969567245724
10,45,0.5000077703955156,0.6666632131754386
10,46,4.435295822827065,0.1839826262629932
10,47,2.28574830635554,0.3043446748692605
10,48,1.7478246150746464,0.3639242455701032
10,49,2.722818519122466,0.2686136847293103
10,50,1.2626947096125256,0.441950916202586
10,51,0.285157118125434,0.7781149759016454
10,52,1.7190936878038034,0.3677696007627065
10,53,3.4040611687149362,0.22706314960012028
10,54,3.6876004447142883,0.2133287620807346
10,55,1.7059367348772816,0.3695577901400387
10,56,8.345602475180648,0.10700219730677879
10,57,1.436208741956192,0.4104738575057547
10,58,2.1930886515998558,0.3131763972475249
10,59,0.6133142404357946,0.6198420462276935
10,60,0.6136655090442604,0.619707116744584
10,61,0.3251461859165925,0.7546337231528221
10,62,3.755073387057846,0.21030169644105953
10,63,0.8540047116635714,0.5393729550464381
10,64,8.53712595752791,0.10485339131026922
10,65,0.12386994208514283,0.8897826719563975
11,12,2.5392167951511233,0.28254838792866327
11,13,2.7129940278189806,0.2693244299634389
11,14,2.9557825789368044,0.252794479991054
11,15,2.2608888279487664,0.3066648551244972
11,16,3.1487740259533528,0.2410350608985527
11,17,2.4748435736858534,0.28778273864549103
11,18,0.5425269176401533,0.6482869041467735
11,19,3.292361318272808,0.23297199975755703
11,20,3.8020586496134796,0.2082440205265903
11,21,3.1027874380413025,0.2437367314543126
11,22,1.4728654766574993,0.40438916287175924
11,23,1.8876150870760107,0.34630654358181673
11,24,1.6498900085304393,0.37737415393877954
11,25,2.1429564169492057,0.3181717680230121
11,26,2.749622929563547,0.2666934832608353
11,27,2.770006882637365,0.26525150513795215
11,28,1.938537352509138,0.34030535604596857
11,29,1.9781002136031745,0.3357845365418747
11,30,1.8872548634589221,0.3463497499496817
11,31,2.2961049861769487,0.30338839454257477
11,32,1.2913671497858623,0.43642067579325045
11,33,2.4055525160111086,0.2936381087352282
11,34,2.8351980573942166,0.2607427269817296
11,35,2.332576273187269,0.30006815089144295
11,36,2.4475233856821905,0.29006329707669887
11,37,2.0005401620960916,0.3332733261271959
11,38,2.262954464493887,0.30647071875552784
11,39,6.757506833941572,0.1289073953018875
11,40,2.622868174186113,0.2760243961194234
11,41,3.1788949088368943,0.239297714303691
11,42,2.4130917518247603,0.29298948657485235
11,43,3.033995050005731,0.2478932144447176
11,44,2.871158409760204,0.2583206095309193
11,45,2.6070397606904194,0.2772356464982773
11,46,2.3999854772213416,0.2941189033599214
11,47,1.90148583966031,0.34465100133560345
11,48,2.192110521112636,0.3132723611497768
11,49,2.448898305358163,0.2899476619668412
11,50,1.7735972007339431,0.3605426194313227
11,51,2.895590553794103,0.2567004889736299
11,52,2.0620926033827076,0.32657405556425545
11,53,1.4371213846668789,0.4103201450249825
11,54,2.5098224539822493,0.2849146967150428
11,55,2.42740149708592,0.29176622606083064
11,56,5.486571001287815,0.15416465799903592
11,57,2.1737552877088357,0.31508415405332324
11,58,2.1108870727648656,0.3214517199144838
11,59,3.4837744921823366,0.22302638139887393
11,60,3.3474909891166424,0.23001772804207418
11,61,3.0647307693886514,0.24601875418932193
11,62,3.1614319345886566,0.240301899855259
11,63,2.2109258128038665,0.31143665668400267
11,64,7.123107649861024,0.12310559494027004
11,65,3.1363872963993913,0.24175685890691906
12,13,0.7779507705400899,0.5624452693345547
12,14,0.8236329466890442,0.5483559626489434
12,15,0.7878425371862772,0.5593333748361358
12,16,1.0473827660350872,0.48842845440990806
12,17,0.9839084873517251,0.5040555077895138
12,18,2.306374472413909,0.302446080546322
12,19,0.7847900550144978,0.5602899888367413
12,20,1.3069385811469907,0.43347491267097726
12,21,0.6934547794390794,0.5905088297257212
12,22,1.4669579829351265,0.4053575321985113
12,23,0.7757320674578225,0.5631480212167493
12,24,2.2768036144514703,0.3051754446283464
12,25,2.6838212269952955,0.27145725549110017
12,26,0.7708673516320388,0.5646950343730691
12,27,3.8450016971375836,0.2063982765147013
12,28,1.5813062345796765,0.3874007611355085
12,29,2.009832349911613,0.3322444188724884
12,30,3.362468813232621,0.22922799974333635
12,31,0.7186451335863421,0.5818536825652156
12,32,3.327057562932756,0.23110392812112915
12,33,0.26473054856986156,0.7906822533311819
12,34,0.8699430544966531,0.5347756433519724
12,35,0.8680757498003766,0.5353101982651723
12,36,3.6908951612321252,0.2131789276094878
12,37,3.5983498185851213,0.2174693182233127
12,38,0.46142543668685493,0.6842634423190718
12,39,8.212198765267523,0.10855171772566068
12,40,2.098681975120343,0.3227178548909212
12,41,0.864864389417872,0.5362320207702371
12,42,1.7427520522815245,0.3645973026136877
12,43,0.6280039873644506,0.6142491098064715
12,44,3.104586319541293,0.24362991106781132
12,45,0.21307203672025918,0.8243533522573526
12,46,4.071034834064199,0.1971984087513251
12,47,1.9894339461331887,0.33451148880325415
12,48,1.5143092825924287,0.397723544562875
12,49,2.5023822967321583,0.28551994479101667
12,50,0.8136232343613597,0.5513824376826176
12,51,0.4709394476639625,0.6798376381761507
12,52,1.4513388230029047,0.40794034289188713
12,53,3.0121729294842425,0.2492415001983846
12,54,3.401719917547294,0.22718392326906964
12,55,1.5355365953503977,0.39439383435986464
12,56,7.905355228315401,0.11229198323503228
12,57,1.1860528581286167,0.4574454804610973
12,58,1.9372273261205653,0.34045713489966106
12,59,0.9865963949676778,0.5033735098549146
12,60,0.9009100829992006,0.5260638096159862
12,61,0.6404178237347019,0.6096007892204699
12,62,3.5566483333673,0.21945955159129293
12,63,0.38880856800778935,0.7200416407528899
12,64,8.311152656280962,0.1073980888204466
12,65,0.600291207166905,0.6248862679001794
13,14,0.2570706732529714,0.7955002222844485
13,15,1.5292268169564918,0.3953777467864015
13,16,0.4372955281142905,0.695751138467664
13,17,0.36007463490365565,0.7352537679454904
13,18,2.3403961523754715,0.29936569029061577
13,19,0.8612048094349181,0.5372863829551412
13,20,1.2349261919699213,0.44744206926966756
13,21,0.575045953150752,0.6349021106333952
13,22,1.3271972460590415,0.42970143665021754
13,23,0.8542594302995236,0.5392988616692473
13,24,1.9365832584083615,0.34053180584500214
13,25,3.336879925311826,0.23058051346166772
13,26,0.043126248399469984,0.9586567316605819
13,27,3.3794338403853494,0.22834001755624406
13,28,1.1652309702254549,0.4618444931516359
13,29,1.5545431416290225,0.39145942916521026
13,30,3.0576599910712834,0.24644746040832885
13,31,1.4661921627910042,0.4054834068032615
13,32,3.203756086096357,0.23788249829894587
13,33,1.0185066522431376,0.49541575643989794
13,34,0.13015667174800663,0.8848330722618359
13,35,0.40767223024242505,0.7103926457565929
13,36,4.282865982908655,0.18929119217395274
13,37,4.114404372234586,0.1955261898000998
13,38,1.1808605716443703,0.4585345863014064
13,39,8.837238719558954,0.10165454234751298
13,40,2.8504816835179887,0.25970776702574805
13,41,1.5128563402352992,0.39795350971252175
13,42,2.488132910133006,0.2866863235328579
13,43,0.5376356477816956,0.6503491262333
13,44,3.8220958517902104,0.2073787064246656
13,45,0.5710796677357269,0.636504959319613
13,46,4.5897643081053365,0.17889841948254742
13,47,2.6476707796950176,0.2741475479548651
13,48,2.2383668904996816,0.3087976235594786
13,49,3.2129711434034176,0.2373621764691598
13,50,1.3106908204076342,0.4327710099370143
13,51,1.1380860571803808,0.4677080216868158
13,52,2.154585792969141,0.3169988282546552
13,53,3.4959860563313496,0.2224206186297614
13,54,4.041410433902769,0.198357188550875
13,55,2.2895398120115895,0.3039938888559884
13,56,8.193261655815132,0.10877532234356206
13,57,1.9127420631202596,0.3433191056158111
13,58,2.633350986601741,0.27522802054840734
13,59,0.9741816243508462,0.5065390071842157
13,60,0.7846650413498815,0.5603292364844117
13,61,1.2559080695740092,0.443280474717586
13,62,4.270502875440964,0.18973521571531893
13,63,0.7042251939822733,0.5867769139495549
13,64,8.98370289706199,0.10016323705849466
13,65,0.9993533211992206,0.5001617219912865
14,15,1.6087801934115458,0.3833209108707174
14,16,0.23212866369511065,0.8116035520195066
14,17,0.6022254420114228,0.6241318941637869
14,18,2.5931411389158523,0.2783080211265308
14,19,0.6640795718666997,0.6009328020764289
14,20,0.987057206334809,0.5032567742951559
14,21,0.38065095753469136,0.7242960246705752
14,22,1.5834633062578016,0.3870772995218268
14,23,1.0800059356409974,0.4807678588147053
14,24,2.1837506328949927,0.31409495130298487
14,25,3.472935666678029,0.2235668193150389
14,26,0.215080931447303,0.822990447894597
14,27,3.5985477632423666,0.21745995724852818
14,28,1.4116544517844964,0.41465310225519786
14,29,1.7893294262417017,0.3585091063795158
14,30,3.303711389746744,0.23235758847175994
14,31,1.5408332993811642,0.39357166809942085
14,32,3.4604287523845167,0.22419369426434765
14,33,1.0851359326038281,0.4795850401710947
14,34,0.17962043904019867,0.8477303096016653
14,35,0.6647343042648907,0.6006964579501337
14,36,4.4456265652387925,0.18363359808462182
14,37,4.300827145619393,0.1886498036115742
14,38,1.269809645970485,0.44056557860491324
14,39,8.990834458861764,0.10009173949559444
14,40,2.92226240608375,0.25495489502408564
14,41,1.431014619736565,0.41135087871596765
14,42,2.5661114576427955,0.2804174832664937
14,43,0.3693997804068505,0.7302469405266727
14,44,3.923109650654337,0.2031236496768031
14,45,0.612322788343983,0.6202232004840049
14,46,4.776411973413105,0.17311784626904486
14,47,2.779190462975953,0.2646069336268758
14,48,2.3325726761709755,0.3000684747703596
14,49,3.3179723618610186,0.23159018080630012
14,50,1.4780236077698805,0.4035474064349044
14,51,1.0885458107713013,0.47880204247504593
14,52,2.261341190317991,0.30662231936012097
14,53,3.6892431619183963,0.21325402958862433
14,54,4.184881482054367,0.1928684394158567
14,55,2.359128201707333,0.29769628902276885
14,56,8.430054412359398,0.10604392681863647
14,57,2.0041479830669275,0.33287308269651295
14,58,2.7458286577557423,0.26696362577329824
14,59,0.7456245669860075,0.572860865338644
14,60,0.5515001363544149,0.6445374876664313
14,61,1.1755398209709327,0.4596560312804134
14,62,4.374380045789728,0.18606797276709092
14,63,0.8648544395087949,0.5362348818299199
14,64,9.114633419705003,0.09886665769338039
14,65,0.8738838528342354,0.5336510042965082
15,16,1.8346819255911226,0.35277326566065
15,17,1.6429484017914455,0.3783653132698993
15,18,2.1994966260008226,0.31254916535103194
15,19,1.467848220073406,0.4052113058923272
15,20,1.9621501608313707,0.3375926086472724
15,21,1.4571821544545516,0.40697023547364203
15,22,1.6778119197121883,0.37343922201506974
15,23,1.0908423344227902,0.47827613949478676
15,24,2.539140930074869,0.2825544446400007
15,25,1.921708803020144,0.3422654574495272
15,26,1.5309349003723864,0.3951109133043548
15,27,4.141282003395516,0.19450401657399038
15,28,1.9980233602502366,0.3335531047751852
15,29,2.4032443770834364,0.293837259155922
15,30,3.513317308522753,0.2215665178496631
15,31,0.07254290323406014,0.9323636350440434
15,32,3.296917201735717,0.23272498702000946
15,33,0.5239248672023599,0.6562003295056222
15,34,1.636517664735964,0.379288185084148
15,35,1.483576147254323,0.40264519415099626
15,36,2.9594558707649004,0.2525599558726277
15,37,2.927100124488108,0.25464082103848795
15,38,0.3491363520714882,0.7412149249885545
15,39,7.447734271400621,0.11837493555940198
15,40,1.3212855403547652,0.4307957735553588
15,41,0.9590678390623905,0.5104468462299906
15,42,0.9600191614162747,0.5101990938075411
15,43,1.397603513537641,0.4170831392069949
15,44,2.3167926218403476,0.3014960879420741
15,45,0.9966187201814882,0.5008467515065181
15,46,3.3904574821288107,0.22776669722243334
15,47,1.2343064109690303,0.4475661865761262
15,48,0.7270301752465523,0.5790286784405716
15,49,1.715728059262717,0.3682253812524537
15,50,0.6046453031883009,0.623190681462801
15,51,0.8072148541940012,0.5533376386760552
15,52,0.6742470148387507,0.5972834301850684
15,53,2.3838669876962086,0.29551989000631973
15,54,2.6418179877467463,0.2745881324559871
15,55,0.7608433743773443,0.5679096815488273
15,56,7.380519106256671,0.11932435059463403
15,57,0.39966698319423793,0.7144556612444045
15,58,1.1577548562439912,0.4634446758890407
15,59,1.6636656437969712,0.3754224943092075
15,60,1.6302205031935393,0.3801962606503251
15,61,0.9295072015432594,0.5182670472544386
15,62,2.768955151636473,0.2653255238566057
15,63,0.8827298102222189,0.531143658835449
15,64,7.529216480174962,0.11724406366333506
15,65,1.1607250196290377,0.4628076182371805
16,17,0.7210046946756408,0.5810559396460396
16,18,2.766541774039818,0.2654955287877894
16,19,0.7403444810283757,0.5745988859683092
16,20,0.9358589618494306,0.5165665576404626
16,21,0.49638940304615314,0.6682752483840979
16,22,1.7440458441449622,0.3644253984071456
16,23,1.2892324115866542,0.43682764359731635
16,24,2.2796595746751898,0.30490969481155306
16,25,3.7047880335263574,0.2125494268549384
16,26,0.40380704133481166,0.7123486138444988
16,27,3.631020246164863,0.21593513887747323
16,28,1.5128291035356507,0.39795782315357625
16,29,1.8605520370835829,0.34958287317839865
16,30,3.391913593845644,0.22769118258639987
16,31,1.7659407457985787,0.36154064454163903
16,32,3.594065791631132,0.2176721112313344
16,33,1.3107635507983892,0.4327573886365358
16,34,0.31377157026740493,0.7611673312404379
16,35,0.8255891362296718,0.5477683779742831
16,36,4.677240153688435,0.17614192335166798
16,37,4.52889589093927,0.18086793814273036
16,38,1.4984144751994202,0.400253844959084
16,39,9.222946743448137,0.09781915382087827
16,40,3.14383603243821,0.24132228982323065
16,41,1.5890546530756482,0.3862413637394859
16,42,2.7897277230726933,0.2638711994826913
16,43,0.5159174895615461,0.6596665101404914
16,44,4.150616153918904,0.1941515286941231
16,45,0.8384988720596349,0.5439220089810114
16,46,5.004495831483948,0.16654187596510672
16,47,3.0109000722558283,0.2493205968698132
16,48,2.559933940926872,0.28090408883813106
16,49,3.54645949669736,0.21995137111117347
16,50,1.7082711448892234,0.3692392476606707
16,51,1.2724406229687832,0.4400555023935325
16,52,2.490805011777206,0.28646687415258676
16,53,3.9154063476839855,0.2034419800249423
16,54,4.416956744128071,0.1846054984810411
16,55,2.580977919893125,0.2792533275463048
16,56,8.630317824529882,0.10383873286641154
16,57,2.2314533101905836,0.30945828517665397
16,58,2.9757276841832336,0.2515262813341901
16,59,0.760587149580621,0.5679923315572332
16,60,0.5731650491542656,0.6356612108421813
16,61,1.3392948571117251,0.4274792452776464
16,62,4.602250689478753,0.17849968796970106
16,63,1.0947181374605814,0.4773911974678828
16,64,9.34577812848621,0.09665778519322642
16,65,1.0139223500896783,0.4965434739603892
17,18,2.0629490518429012,0.3264827403506188
17,19,1.2185125719553593,0.4507524602930769
17,20,1.5889905322754103,0.3862509296706932
17,21,0.9339199270853378,0.5170844904148263
17,22,1.0335133839894401,0.49175973360851644
17,23,0.7308425432747294,0.57775330510886
17,24,1.5815252453617727,0.38736789492827944
17,25,3.3281250909718625,0.23104692655162007
17,26,0.4021233866348586,0.7132039944073911
17,27,3.022396108095424,0.2486080368831435
17,28,0.8094290285099448,0.5526605267427895
17,29,1.1944741292033192,0.45569003830682636
17,30,2.7016471033349,0.27015000946445616
17,31,1.5892222458645313,0.38621636346481486
17,32,2.8738603812847097,0.2581404339792867
17,33,1.1778539039124218,0.4591676228619112
17,34,0.42930939012303043,0.6996385855366998
17,35,0.18015670356944377,0.847345099998542
17,36,4.2205385817533,0.19155111763663155
17,37,4.007685374192235,0.19969305682693875
17,38,1.2992945975670624,0.4349159960007402
17,39,8.779317235280166,0.10225662752736656
17,40,2.945673920909241,0.2534421292901873
17,41,1.7996957675766132,0.3571816665157119
17,42,2.5796987382952543,0.27935311687045095
17,43,0.8929094419047955,0.5282872903807383
17,44,3.865412253654081,0.2055324292918792
17,45,0.809376385958422,0.5526766060176598
17,46,4.48031342997866,0.18247131533203093
17,47,2.6545835805844242,0.2736289861621073
17,48,2.3109532978828504,0.30202781798204104
17,49,3.2553637799502932,0.23499753527809575
17,50,1.2922003748254254,0.43626203493495214
17,51,1.409082431116629,0.41509580041081945
17,52,2.2100200302308632,0.3115245358540895
17,53,3.3790923103430086,0.22835782603579585
17,54,4.014655304366627,0.199415501027404
17,55,2.396260428037497,0.29444149563578736
17,56,7.961040947555182,0.11159417815994103
17,57,1.997032090847127,0.33366342758023143
17,58,2.6712432645818,0.2723872889730483
17,59,1.334085326815343,0.4284333518194099
17,60,1.1437950979014213,0.46646249027199865
17,61,1.5474926612402913,0.39254283838177284
17,62,4.306561788508081,0.18844593540126214
17,63,0.7608127700600886,0.5679195522678283
17,64,8.963888568940536,0.10036242307217315
17,65,1.3269431464672559,0.42974835956701
18,19,3.0102405070288065,0.24936160268873792
18,20,3.500026164341112,0.2222209301635069
18,21,2.790579073881455,0.26381193493373717
18,22,1.0305905375878397,0.4924675760519946
18,23,1.5759967618373778,0.3881992457501116
18,24,1.1082474131537094,0.47432763050523963
18,25,2.515298291876284,0.2844708804117593
18,26,2.3801178566455232,0.29584767230347825
18,27,2.338667899419703,0.2995206561796131
18,28,1.442564658503884,0.40940574347477804
18,29,1.4426632639640977,0.4093892165787687
18,30,1.5038527741683905,0.3993845046788472
18,31,2.218598948771372,0.31069419207438925
18,32,1.1029561795794136,0.47552108299279816
18,33,2.223852730018546,0.3101878664272134
18,34,2.454434451147195,0.28948298604071254
18,35,1.9409529762753353,0.3400258379059437
18,36,2.946074218226306,0.2534164196357876
18,37,2.5246750373914684,0.2837140982903426
18,38,2.1179687517744323,0.32072162347069744
18,39,7.2984465234768425,0.1205044820341898
18,40,2.828260207203563,0.26121526382097
18,41,3.0427135787563864,0.24735860716296865
18,42,2.563790892062363,0.28060007735787795
18,43,2.724753153553037,0.26847416695146664
18,44,3.2377653208129784,0.2359734256846858
18,45,2.333423067629198,0.2999919241307769
18,46,2.935651066368901,0.25408756597993254
18,47,2.1460125541725668,0.3178626857905245
18,48,2.3065500859623986,0.30243001739044933
18,49,2.7538701654335576,0.26639173864035437
18,50,1.633421292105507,0.3797341515380803
18,51,2.715140039429269,0.2691688575361544
18,52,2.1664785745987767,0.31580823190212476
18,53,1.9372482450335662,0.3404547101835351
18,54,2.964146729007253,0.25226109636220034
18,55,2.5315919712691968,0.2831584192441734
18,56,5.9260536983300955,0.14438236311120498
18,57,2.209949248071431,0.3115314052397588
18,58,2.328667560411543,0.3004205081616393
18,59,3.190365209265177,0.23864268388562723
18,60,3.0362018702604896,0.24775767717868424
18,61,2.89093889213456,0.25700737732516854
18,62,3.5672326875899705,0.2189509640525187
18,63,1.9411829659455446,0.3399992491383533
18,64,7.654794048314439,0.1155428996250644
18,65,2.904761951035413,0.2560975579407173
19,20,0.5221774292649051,0.6569536381070394
19,21,0.28779326825705853,0.7765221520014876
19,22,2.0685601845481454,0.32588573788956104
19,23,1.4342914931303246,0.4107971468585595
19,24,2.771292788423574,0.26516106176365234
19,25,3.3879349364251397,0.22789763624314407
19,26,0.821388726122795,0.5490316183787456
19,27,4.240427493008134,0.1908241267213823
19,28,2.0076072832750143,0.33249021757624214
19,29,2.4101020980180436,0.2932463519438909
19,30,3.8909125072903006,0.20446082372347066
19,31,1.395523372229984,0.417445311363881
19,32,3.968317776617139,0.20127537024833514
19,33,1.005775916165564,0.4985601791010121
19,34,0.8364196925607449,0.5445378330732108
19,35,1.218748189565377,0.45070459311378036
19,36,4.425474210254257,0.1843156858270526
19,37,4.364086798869574,0.18642502209523149
19,38,1.2059376973191356,0.4533219597340826
19,39,8.908213658416306,0.10092636619221193
19,40,2.676075623130781,0.272029224237867
19,41,0.9149126901285177,0.5222170207315749
19,42,2.3498739349742577,0.2985186963483999
19,43,0.3264351071378947,0.7539004317804453
19,44,3.7286759301985923,0.21147568891615764
19,45,0.6853521028742003,0.5933478222708475
19,46,4.834121366602788,0.17140541602793233
19,47,2.7021513992184243,0.2701132104459893
19,48,2.1713133040817385,0.3153267760435144
19,49,3.148043781679901,0.24107749402659723
19,50,1.5981022049637157,0.3848963285930338
19,51,0.7072835272958762,0.5857257942293129
19,52,2.1386055111727096,0.3186128350441721
19,53,3.787959212421107,0.20885725120752108
19,54,4.107831760052165,0.19577778732277337
19,55,2.131183075001336,0.31936810338040467
19,56,8.68841101548913,0.10321609997772312
19,57,1.8568029843742309,0.3500416393673872
19,58,2.6154347365505797,0.27659191020388374
19,59,0.20250410258907514,0.8315979944242438
19,60,0.2075115370801918,0.8281494373279757
19,61,0.6965647006302927,0.5894263859365274
19,62,4.180127202551908,0.19304545253393887
19,63,1.0818907341334028,0.48033260516731924
19,64,8.962488581893396,0.10037652658568443
19,65,0.35125548481421953,0.7400525002401653
20,21,0.7099303232475307,0.5848191510521796
20,22,2.5282735341009133,0.2834247374346001
20,23,1.9276681566755944,0.341568766159452
20,24,3.1702866017291256,0.2397916727318861
20,25,3.871178614542244,0.20528912592419327
20,26,1.1918188845394095,0.4562420768676518
20,27,4.565091692800048,0.17969155859440206
20,28,2.398262304738721,0.29426804358378866
20,29,2.773913261205719,0.2649769432380945
20,30,4.290637098271587,0.18901315312794614
20,31,1.8907553781678184,0.345930343173419
20,32,4.424036756496185,0.184364532338822
20,33,1.5225230333944346,0.3964284911421996
20,34,1.1639174983397604,0.4621248272021637
20,35,1.6330681840695784,0.3797850758480682
20,36,4.9207473928191945,0.16889759580231725
20,37,4.87564035951358,0.17019421523661563
20,38,1.720266484319651,0.36761104316958265
20,39,9.376063515000025,0.09637566294330818
20,40,3.1073141699309064,0.2434681055860945
20,41,1.2519809974967229,0.44405348051852517
20,42,2.7998939739718423,0.2631652374644415
20,43,0.7752745920258696,0.5632931403917867
20,44,4.170556202205823,0.19340279089769638
20,45,1.1987124864975673,0.4548116255040454
20,46,5.343924447364927,0.1576311332672585
20,47,3.1929570304616886,0.23849517005183563
20,48,2.6446356700319913,0.274375847282212
20,49,3.605175079866603,0.21714701019118837
20,50,2.120271292384193,0.3204849534848946
20,51,1.1670501913008846,0.4614567784420803
20,52,2.624035275546856,0.27593550392500055
20,53,4.305072124372444,0.1884988510157708
20,54,4.58927778662343,0.1789139917849951
20,55,2.5808763262445122,0.2792612502897474
20,56,9.209976684375192,0.09794341661233635
20,57,2.3403470383818497,0.2993700919424306
20,58,3.0921155043334516,0.24437237877108411
20,59,0.32154920954129806,0.7566876759338338
20,60,0.4655621556763712,0.682332029471988
20,61,1.099964598578915,0.476198503858931
20,62,4.618660324731326,0.17797836890020902
20,63,1.592236495603835,0.3857672715031582
20,64,9.403497200518055,0.09612152343831108
20,65,0.8028297411141418,0.5546835495303089
21,22,1.8216977592847687,0.3543965673536472
21,23,1.2208224241345196,0.45028363777878894
21,24,2.497247531874151,0.28593915383052876
21,25,3.3713949724982677,0.2287599281902675
21,26,0.53459893746552,0.6516360565527033
21,27,3.954393692045727,0.20184104497095148
21,28,1.729888957665442,0.3663152661180711
21,29,2.1275221622716995,0.31974193886243873
21,30,3.618175396186616,0.21653573418318714
21,31,1.385200537452049,0.41925195986591274
21,32,3.7202086015255014,0.21185504379548287
21,33,0.949690601417268,0.5129018928814042
21,34,0.5495139054704231,0.6453636824229764
21,35,0.9453622709188376,0.5140430730815386
21,36,4.384191673946022,0.1857289005588298
21,37,4.2870041396168554,0.18914303329304166
21,38,1.1514985437546867,0.4647923201727343
21,39,8.900274017196802,0.10100730527892433
21,40,2.729823929622553,0.26810917053159583
21,41,1.0941340401583435,0.47752435174798413
21,42,2.3870652561604135,0.29524084254981336
21,43,0.07023947164897787,0.9343703222412869
21,44,3.7630256623467813,0.20995057992345395
21,45,0.5296346354871566,0.6537508871728188
21,46,4.760586577558233,0.17359343298401994
21,47,2.6781255732116955,0.2718776126848796
21,48,2.1810172276797064,0.3143648488598154
21,49,3.168727705403565,0.2398813428624243
21,50,1.4754862165645317,0.40396104543365036
21,51,0.7976121470250104,0.5562935261952738
21,52,2.130166284960576,0.31947184557084796
21,53,3.6941580565797008,0.2130307475689536
21,54,4.090496113906826,0.19644450710178923
21,55,2.171993045092982,0.3152592032151466
21,56,8.5373755869008,0.10485064689844652
21,57,1.8561956168372153,0.35011607542040196
21,58,2.6148125117946437,0.27663952051099067
21,59,0.412679841787547,0.7078744740454717
21,60,0.2458915343081633,0.8026380888407709
21,61,0.8473645985177538,0.5413116613809517
21,62,4.215781890460862,0.19172580851758753
21,63,0.9038937624463826,0.5252393908340051
21,64,8.98539080470466,0.10014630569379876
21,65,0.5175358501308425,0.6589630155450888
22,23,0.6928866986939389,0.5907069863396643
22,24,0.8620197643247477,0.5370512274678487
22,25,2.794443046353,0.26354328890537504
22,26,1.368498950711989,0.42220833566313903
22,27,2.464878276523364,0.28861042732023284
22,28,0.5260008645940084,0.6553076234763795
22,29,0.7971484984284273,0.5564370450602614
22,30,1.9002428953834447,0.3447987068916822
22,31,1.663751872135575,0.37541034150387403
22,32,1.8999626010960866,0.3448320332207161
22,33,1.4787429239548753,0.40343029942148395
22,34,1.434896911238944,0.41069500535493797
22,35,0.9212226048002474,0.5205018916087403
22,36,3.516137715320881,0.22142814569350397
22,37,3.208874339008826,0.23759321838900427
22,38,1.4534559853250908,0.40758831867427886
22,39,8.029659702681226,0.11074614469724309
22,40,2.7314192339175265,0.26799454505414133
22,41,2.3044995058427906,0.3026176878622219
22,42,2.3903486709373727,0.2949549138034577
22,43,1.7606568563100622,0.36223263232237274
22,44,3.4452669055727756,0.22495837060905327
22,45,1.4303090861821903,0.4114702963855989
22,46,3.6657529606094843,0.2143276783924219
22,47,2.215090826878895,0.31103320367803333
22,48,2.100042265172733,0.32257624718038497
22,49,2.8661291378158165,0.2586566470888641
22,50,1.0851302318656615,0.4795863513547805
22,51,1.9274966920878778,0.3415887719711835
22,52,1.9644932339892867,0.3373257825433829
22,53,2.5765059058601656,0.2796025020849212
22,54,3.40322351150628,0.22710634547323136
22,55,2.2731884485225335,0.30551250431406857
22,56,6.945728985241119,0.12585377652037477
22,57,1.8707702604398295,0.3483385674501137
22,58,2.3173668662325846,0.30144389822511986
22,59,2.23225322558454,0.3093817006924493
22,60,2.063060105987513,0.32647090340971474
22,61,2.1025121245887934,0.322319449479199
22,62,3.8488720041274376,0.20623353207690034
22,63,1.078160090422132,0.4811948822464742
22,64,8.296707022011676,0.1075649687176669
22,65,2.0306061266056514,0.329966996113752
23,24,1.5259193395848458,0.39589546044821755
23,25,2.608548431571379,0.27711973913137694
23,26,0.885533584904963,0.5303538520903107
23,27,3.1178678572292595,0.2428441209555612
23,28,0.9095653001305023,0.5236793944316325
23,29,1.324042811844742,0.430284672426596
23,30,2.5923161829826076,0.27837193305454694
23,31,1.0586843863614062,0.48574711433423573
23,32,2.559915407884766,0.28090555123448313
23,33,0.796695165855221,0.5565774422975103
23,34,0.9832616854233964,0.504219895614287
23,35,0.5517444039965655,0.6444360278822139
23,36,3.489714242313418,0.22273132454076391
23,37,3.2846780025226923,0.2333897668415758
23,38,0.8060796529843033,0.5536854359372438
23,39,8.048572580760649,0.11051466859272704
23,40,2.3106664715350065,0.30205398477858303
23,41,1.6138369230762843,0.38257933812606687
23,42,1.9481358896028411,0.33919739029896456
23,43,1.1534009797579956,0.4643816963956162
23,44,3.172658757027321,0.23965535123519624
23,45,0.7625579741312023,0.5673572243732401
23,46,3.7586381530225412,0.21014415634120667
23,47,1.9463535966879268,0.33940257582257816
23,48,1.6645968002578702,0.37529130107160064
23,49,2.5659443855540434,0.28043062142278175
23,50,0.5983040569532665,0.6256631807005665
23,51,1.2346465032555007,0.44749807119075413
23,52,1.5480868730325463,0.39245129771022025
23,53,2.659400185631838,0.27326882802443164
23,54,3.2879217900502224,0.23321320886039001
23,55,1.7891605133015984,0.35853081786830376
23,56,7.351282108237244,0.11974209313485591
23,57,1.3764784392204548,0.4207906890701796
23,58,1.9843723443840864,0.3350788321979239
23,59,1.6153019739823142,0.38236502321653604
23,60,1.4666385120982328,0.4054100327612883
23,61,1.4096408684184583,0.41499960143701375
23,62,3.6069320769880835,0.21706419441151803
23,63,0.38750357626917625,0.7207188630741227
23,64,8.236314014196608,0.10826829820456053
23,65,1.3528058722542753,0.4250244407295184
24,25,3.4567154589313707,0.2243804903442904
24,26,1.9795533389732594,0.33562077473820134
24,27,1.6028683895138653,0.3841915342430236
24,28,0.7720962409197701,0.5643034373127334
24,29,0.467820799942747,0.6812820747866534
24,30,1.1213211946830564,0.4714043316525712
24,31,2.525759052327374,0.2836268687560752
24,32,1.398739816658202,0.41688556343436506
24,33,2.3224373848623534,0.30098385136050637
24,34,2.009274487211133,0.332306010717805
24,35,1.5528076938977846,0.39172555080838783
24,36,4.0187401921136505,0.1992531913828455
24,37,3.622813924896114,0.21631846235785326
24,38,2.311433428842549,0.3019840264007758
24,39,8.406686516660015,0.10630735894397222
24,40,3.5349728779347354,0.22050848525810993
24,41,3.1340931132227,0.24189102001634832
24,42,3.2087620480150436,0.23759955744507455
24,43,2.4467956164892,0.29012454211560396
24,44,4.149825649950046,0.19418133116986208
24,45,2.201232128558973,0.3123797212575608
24,46,4.04168819223191,0.1983462605919921
24,47,2.954069922386765,0.25290397479778953
24,48,2.9213286479805243,0.25501560562004866
24,49,3.6021407164329644,0.2172901833334383
24,50,1.9425784849175651,0.3398380043643983
24,51,2.746493470962523,0.2669162532246685
24,52,2.781852152682223,0.26442070171642346
24,53,3.0198591565807043,0.2487649345532297
24,54,3.9889621761831515,0.20044248977751494
24,55,3.1085624378522176,0.2433941348406908
24,56,6.830165652475466,0.1277112189425846
24,57,2.714801880775988,0.2691933599945064
24,58,3.087453842942471,0.24465108070312083
24,59,2.9064946256471282,0.25598396921750416
24,60,2.7201270460159743,0.26880802392782205
24,61,2.9171723382381063,0.2552861895399239
24,62,4.523368050145895,0.1810489525451026
24,63,1.8945953655768573,0.34547142992496027
24,64,8.755679597950257,0.10250439141216852
24,65,2.7989407736160246,0.2632312688171101
25,26,3.350502611581013,0.2298584989555013
25,27,4.853854170880211,0.17082762412744484
25,28,3.3010729575516344,0.23250012493841662
25,29,3.576363725454045,0.21851409983824763
25,30,4.004929160067234,0.19980302777883202
25,31,1.9942456374511037,0.3339739357026382
25,32,3.429716962002388,0.2257480576248747
25,33,2.422477542842009,0.29218599318247235
25,34,3.460034715253376,0.22421350142858468
25,35,3.1483256093500924,0.2410611157779072
25,36,1.0786905276002734,0.4810720916472552
25,37,1.249253344178974,0.44459198097358915
25,38,2.222424328505791,0.31032536316025483
25,39,5.5289122613584905,0.15316487034425655
25,40,1.0030848358735986,0.4992299787262247
25,41,2.719658323408015,0.26884189703848466
25,42,1.142157174614363,0.46681915400536506
25,43,3.308884324907451,0.23207863674118906
25,44,0.7283777696679412,0.5785772170583527
25,45,2.8778145980161,0.2578772075672732
25,46,1.6322765681108935,0.37989929026252367
25,47,0.69477225763831,0.590049781316054
25,48,1.230308892597044,0.4483683866926466
25,49,0.47712019146102747,0.6769929798406551
25,50,2.0394693779896094,0.32900479512691394
25,51,2.7042510009906624,0.26996010792264363
25,52,1.2493604148701838,0.4445708181708677
25,53,1.0379967387277989,0.49067791964389557
25,54,0.720109207294682,0.581358436870854
25,55,1.3422771630054655,0.42693495705557827
25,56,5.864319078912355,0.14568087358760268
25,57,1.5319765434251251,0.3949483665623744
25,58,0.7829147071593215,0.5608793264111203
25,59,3.581311842264619,0.218278090300372
25,60,3.5517326768821182,0.21969655755025314
25,61,2.7900408226969664,0.2638494007799122
25,62,1.0666526223277368,0.48387425598099215
25,63,2.6327421917754217,0.2752741447670065
25,64,5.646850788279562,0.15044718647262353
25,65,3.068951660972394,0.2457635487763502
26,27,3.4198320952912145,0.22625293867280086
26,28,1.2081120728738663,0.45287556382883054
26,29,1.5964477721827135,0.38514158101448975
26,30,3.100591679736677,0.2438672460224608
26,31,1.4668931904691034,0.4053681788346258
26,32,3.246389990509499,0.23549414967418383
26,33,1.0164804294895056,0.4959135657236014
26,34,0.10953340678349344,0.9012797576766727
26,35,0.44985282038194224,0.6897251817164205
26,36,4.301895525214096,0.1886117889808134
26,37,4.138193007903487,0.19462094912779956
26,38,1.1834894451423281,0.4579825206962776
26,39,8.854858213553825,0.10147279426350908
26,40,2.8520942920805767,0.25959904513653126
26,41,1.4883604580220628,0.40187103792626394
26,42,2.490627406563243,0.2864814497587891
26,43,0.4991162439453165,0.667059678686583
26,44,3.829330768549253,0.20706802824781523
26,45,0.5611611225229717,0.6405488745350726
26,46,4.613661460605948,0.17813685542270988
26,47,2.660148361295449,0.2732129687896221
26,48,2.243604654513414,0.30829897799305445
26,49,3.220735469575827,0.23692553281490003
26,50,1.3291087057500142,0.42934878802832965
26,51,1.1174248683427224,0.4722717745270865
26,52,2.1620670053334123,0.31624883290370337
26,53,3.5211042183910095,0.22118490344287714
26,54,4.056635633331475,0.19775994801926586
26,55,2.2903922004603303,0.303915138098157
26,56,8.228498474329573,0.1083599897406547
26,57,1.917155322530405,0.3427997104839031
26,58,2.642227857788849,0.27455723228889023
26,59,0.9319623230462083,0.517608437841198
26,60,0.7420472613489985,0.5740372389355411
26,61,1.2310987685062582,0.44820965083025416
26,62,4.278370680448469,0.18945240123132778
26,63,0.7193282055370698,0.5816225178994421
26,64,8.99703552796022,0.10002965351109826
26,65,0.9677786651277184,0.5081872355471926
27,28,2.2693273147122377,0.3058733200251682
27,29,1.8447919741249879,0.35151955190241424
27,30,0.9056540658008445,0.5247542132363638
27,31,4.128575205532258,0.1949859288250833
27,32,1.675823920187311,0.37371666814683335
27,33,3.913434554299369,0.203523622620551
27,34,3.4190757184106717,0.22629166452926308
27,35,3.0467232360264154,0.24711351423724406
27,36,5.204316835673257,0.1611781001012476
27,37,4.7198828454424975,0.17482875559187064
27,38,3.911928237990049,0.20358603618549567
27,39,9.273909394648081,0.09733393215643145
27,40,5.078219513172391,0.16452186332409577
27,41,4.709200920253967,0.17515586050797388
27,42,4.769799113965949,0.1733162594135165
27,43,3.9152641466215035,0.20344786570368717
27,44,5.574993660172878,0.1520914014042877
27,45,3.7439229526712117,0.210796003640177
27,46,5.060448477047158,0.16500429032394506
27,47,4.444677035056499,0.18366562305924233
27,48,4.4876349570983045,0.18222786461160123
27,49,5.0741127289481165,0.1646330986308802
27,50,3.5424334019348183,0.22014632059857098
27,51,4.315725222942435,0.1881210856580856
27,52,4.346141236982339,0.187050800880909
27,53,4.199854323586043,0.19231307989996865
27,54,5.278487550594313,0.15927402769244026
27,55,4.686256858176959,0.1758626148873276
27,56,6.892912457861591,0.1266959446641231
27,57,4.302193837660591,0.1886011772895152
27,58,4.6043010824158825,0.17843438196738057
27,59,4.344074474817034,0.18712314072573571
27,60,4.150035969720381,0.1941734010945742
27,61,4.481055648542354,0.18244660593182313
27,62,5.904447267205625,0.14483418603973508
27,63,3.473028474389733,0.2235621806848508
27,64,9.748249363076129,0.09303840711356569
27,65,4.324942766267346,0.18779544567780876
28,29,0.42855721002558717,0.7000069671568062
28,30,1.8925865497299563,0.3457113496200683
28,31,1.9679049069046508,0.33693801902937004
28,32,2.099578674088555,0.322624493567357
28,33,1.6770687847669372,0.37354288604394564
28,34,1.2374466527064358,0.4469380303617031
28,35,0.7905089538117236,0.5585004184822147
28,36,4.041772134638547,0.1983429582486856
28,37,3.732632287758724,0.2112989007378765
28,38,1.7126816267236051,0.36863891071795496
28,39,8.55403755162601,0.10466779040760721
28,40,3.1631989961105487,0.2401999041924842
28,41,2.446042600598012,0.29018793900762113
28,42,2.80941553056628,0.2625074613089918
28,43,1.6817449937780176,0.3728915323120299
28,44,3.9347319337566558,0.20264525275615763
28,45,1.4746488546824417,0.40409773617288614
28,46,4.187366818432021,0.19277603358350293
28,47,2.6982978086314686,0.2703946658016823
28,48,2.519808618531646,0.28410635587828315
28,49,3.3449391448872405,0.23015282070790707
28,50,1.4564393926927492,0.40709329241939896
28,51,2.050542939952765,0.32781049789631356
28,52,2.3915623044888297,0.29484936740701223
28,53,3.10096533017908,0.24384502659434387
28,54,3.922521143306839,0.20314793393212782
28,55,2.6689484305442694,0.27255766030258843
28,56,7.361444675225494,0.11959655763350867
28,57,2.2568911827191616,0.3070412684666686
28,58,2.7814656797694934,0.2644477260100261
28,59,2.137155155628349,0.3187601347054534
28,60,1.9495054234750109,0.3390398919225694
28,61,2.2134238020631156,0.31119455807788865
28,62,4.347426555517376,0.1870058409625502
28,63,1.2225120708407005,0.4499413133093734
28,64,8.822454131842136,0.1018075510027815
28,65,2.060086466169162,0.32678815159490326
29,30,1.5364597257103092,0.3942502969251602
29,31,2.3772197238930923,0.2961015514996606
29,32,1.8664062289910295,0.34886890416505917
29,33,2.102372900394121,0.3223339141058644
29,34,1.61075817898878,0.3830304959103214
29,35,1.2034997168035326,0.45382352099896434
29,36,4.239741670183729,0.19084910343775316
29,37,3.886142408640636,0.20466042869147733
29,38,2.1300370694736124,0.3194850341399225
29,39,8.699472532305117,0.10309838980103242
29,40,3.5223028288335283,0.22112627965207224
29,41,2.8745182725640293,0.2580966018617413
29,42,3.176202314156544,0.23945200083103904
29,43,2.0836974186500727,0.3242860320704755
29,44,4.238035408713501,0.19091127149245582
29,45,1.900207098559307,0.3448029626907524
29,46,4.324663122229857,0.18780530843822119
29,47,3.0109030903548417,0.24932040926262586
29,48,2.885585107535454,0.2573614970009701
29,49,3.6623363300324616,0.21448474095669487
29,50,1.8402696262969716,0.3520792500618187
29,51,2.4788729969559355,0.2874494127480407
29,52,2.752521607496839,0.26648747285083885
29,53,3.264762133819842,0.23447966583410007
29,54,4.161782554496432,0.19373152383741918
29,55,3.0482377512544523,0.24702106483002975
29,56,7.272199994682382,0.12088682583143905
29,57,2.6395129442979406,0.2747620396753114
29,58,3.1143620757211354,0.24305104451088622
29,59,2.52822241322248,0.28342884401288526
29,60,2.3369828392235754,0.2996719036867066
29,61,2.6411383174920986,0.27463938823636025
29,62,4.63618528693104,0.1774249690333566
29,63,1.6496615810382569,0.3774066873884155
29,64,9.009157748526544,0.09990850630236203
29,65,2.4804971281475092,0.28731527801381895
30,31,3.5130937378193576,0.22157749386414946
30,32,0.7877299024919177,0.5593686152511627
30,33,3.3767780567465238,0.22847857191628987
30,34,3.128236356348685,0.24223419244446395
30,35,2.673211439821268,0.27224133878028495
30,36,4.306335604589841,0.18845396795766672
30,37,3.8163485214610113,0.20762617064444827
30,38,3.335512016603919,0.23065326452106505
30,39,8.384187423822405,0.10656223654073993
30,40,4.315267829765433,0.18813727398646077
30,41,4.204685718158805,0.19213455992377523
30,42,4.03073950600191,0.1987779329076675
30,43,3.5670910732281333,0.21895775318821817
30,44,4.7313496633288095,0.17447897244838362
30,45,3.3046838122153313,0.23230509919504802
30,46,4.154817128478868,0.19399330278377683
30,47,3.647031061489983,0.21519115899332267
30,48,3.7594756780199154,0.21010717727126402
30,49,4.257586418159615,0.19020134344269013
30,50,2.909353056186547,0.25579679952863327
30,51,3.8266192763209568,0.20718435466951524
30,52,3.617392359952492,0.2165724551963977
30,53,3.3059628124322122,0.23223609760697225
30,54,4.396062937299427,0.1853202995627903
30,55,3.972996202114603,0.20108601723339
30,56,6.2078440288342405,0.1387377412718148
30,57,3.613747344342575,0.21674355472156714
30,58,3.8233687329763266,0.20732397943437678
30,59,4.02775592351159,0.1988958921660539
30,60,3.8414230290702114,0.20655084135295002
30,61,4.00083219557931,0.19996671771630148
30,62,5.042450391932688,0.16549577326031606
30,63,2.974637877088426,0.25159524739711336
30,64,8.846688519891895,0.10155698517119122
30,65,3.9056599207429272,0.2038461728200183
31,32,3.3127714086877007,0.23186946518556203
31,33,0.4557157226623314,0.6869473101321724
31,34,1.5718224583963114,0.3888293286868493
31,35,1.4326847494812893,0.4110684708379191
31,36,3.031338220061617,0.24805658702204242
31,37,2.9958871632090003,0.2502573168750151
31,38,0.2904415098492492,0.7749285747300714
31,39,7.520235536396573,0.11736764737643929
31,40,1.3854971218763545,0.4191998350488189
31,41,0.9062007072396141,0.5246037293985211
31,42,1.0259883080221366,0.49358626406696604
31,43,1.3258902411076785,0.4299429020020143
31,44,2.386636185089214,0.2952782481929505
31,45,0.9285123969656164,0.5185343903277118
31,46,3.4599707040533967,0.2242167194262421
31,47,1.3066371088362405,0.4335315668724875
31,48,0.7977402800988539,0.5562538766417428
31,49,1.7865251825000625,0.3588698951224991
31,50,0.6048933557659458,0.62309436100989
31,51,0.738418329447791,0.5752355362691385
31,52,0.7467166025862199,0.5725027165364903
31,53,2.449363399068364,0.2899085669750219
31,54,2.714354686737436,0.26922576984115815
31,55,0.8235054453068671,0.5483943042636299
31,56,7.440902423808031,0.11847074516338975
31,57,0.47115073128548934,0.6797400013023829
31,58,1.2299449669556544,0.4484415601364419
31,59,1.5915698815180772,0.38586650012085527
31,60,1.5576799923369973,0.39097932618469694
31,61,0.8649784846856751,0.5361992152786368
31,62,2.838960783325186,0.26048716213605905
31,63,0.8309565675956698,0.546162600303051
31,64,7.600818775594474,0.11626800030220165
31,65,1.089821654011526,0.4785097321967383
32,33,3.279210002928347,0.2336879936520247
32,34,3.2986591864092745,0.2326306777614796
32,35,2.797172299620971,0.26335386469026406
32,36,3.606189242703748,0.21709920007824485
32,37,3.093350578198169,0.2442986450577084
32,38,3.1925058264335378,0.2385208372747035
32,39,7.600077718532526,0.11627801895848856
32,40,3.8835081375992146,0.20477082700052812
32,41,4.109438607526702,0.1957162179279153
32,42,3.642024314721775,0.21542325765692077
32,43,3.6600116457405583,0.21459173839491172
32,44,4.1568010475923725,0.1939186698829275
32,45,3.319084928957556,0.23153052474042402
32,46,3.4050415008810058,0.22701261720235794
32,47,3.1747321091680574,0.23953632804459887
32,48,3.394919446594782,0.22753545591712898
32,49,3.739075945034651,0.21101160048885612
32,50,2.7182274557136044,0.2689453541803508
32,51,3.7624300382801845,0.20997683786681334
32,52,3.256675159891373,0.2349251381506686
32,53,2.6284318938883398,0.27560114926902185
32,54,3.7414883577787625,0.21090424030239913
32,55,3.6236732367596898,0.21627825946904689
32,56,5.5172556154276675,0.15343881827080666
32,57,3.311639074982336,0.23193035933883144
32,58,3.3745998559916615,0.22859233596653467
32,59,4.131582196530857,0.19487167148487608
32,60,3.9598493779018926,0.2016190258630431
32,61,3.939565334325776,0.20244696290397274
32,62,4.428843109487927,0.18420130768787765
32,63,2.944523069346838,0.253516073405951
32,64,8.074363058375363,0.11020057204753674
32,65,3.9126900513567424,0.20355446599441562
33,34,1.119717846359338,0.4717609004979234
33,35,1.0380249071415355,0.49067113777454574
33,36,3.436859273985106,0.22538465573234606
33,37,3.359153176799893,0.22940235395309327
33,38,0.20284463070660153,0.8313625670944368
33,39,7.9513388958761855,0.11171513129289434
33,40,1.8395638271217258,0.3521667625318472
33,41,0.8337595389496268,0.5453277699500326
33,42,1.4814453642417722,0.4029909400425421
33,43,0.8864726380931187,0.5300898511895823
33,44,2.840281871020924,0.26039755246771873
33,45,0.47283134733207677,0.6789643646649869
33,46,3.8300420332411647,0.2070375357228428
33,47,1.7287006527706599,0.3664747904775202
33,48,1.249806566248939,0.4444826568655996
33,49,2.2377019565162914,0.30886104200770287
33,50,0.6366447112821041,0.611006159801553
33,51,0.4931945054897837,0.6697051163284246
33,52,1.1869860985815628,0.45725027728735035
33,53,2.7827659027650733,0.26435682928965654
33,54,3.1411601121570034,0.24147822661199417
33,55,1.2766722257632117,0.4392375804842828
33,56,7.711932434526498,0.11478509590327772
33,57,0.9214618883100039,0.5204370724623306
33,58,1.6728595643325885,0.3741311415475356
33,59,1.20785374604123,0.4529285518993457
33,60,1.1436691503188732,0.4664898964708472
33,61,0.6675471725780269,0.5996831852462684
33,62,3.2922297509579272,0.23297914091779987
33,63,0.4588836518731928,0.685455621300581
33,64,8.046801691047591,0.11053630157379997
33,65,0.756276191271038,0.5693865264302695
34,35,0.514156036912199,0.6604339154102562
34,36,4.410540729531872,0.1848244103480802
34,37,4.244242358045265,0.1906853138596629
34,38,1.2898208337018167,0.4367153906899169
34,39,8.963947443290564,0.10036183005695913
34,40,2.957295236133866,0.2526978505088652
34,41,1.5567698659498106,0.3911185020277574
34,42,2.5964700376637038,0.2780504187516068
34,43,0.5270519346400862,0.6548565751535438
34,44,3.9375318260196024,0.20253034010439
34,45,0.6581295799077067,0.6030891747650151
34,46,4.719631795213179,0.17483642930247897
34,47,2.7696306969639832,0.26527797558667704
34,48,2.3510313469833304,0.29841559103892634
34,49,3.329159509636643,0.23099171970310065
34,50,1.437870948542196,0.4101939852878522
34,51,1.1951960911244406,0.4555401697566672
34,52,2.27045632484961,0.30576772800841007
34,53,3.6260689288095165,0.216166255926788
34,54,4.1661097647898595,0.1935692514347257
34,55,2.395150354560732,0.2945377658037124
34,56,8.317550330027885,0.10732434648378307
34,57,2.0242181761224227,0.3306639738810694
34,58,2.751040371233789,0.2665927052315571
34,59,0.9250063745022719,0.5194787992629682
34,60,0.7310487546332006,0.577684480187789
34,61,1.2994569284822852,0.43488529296351375
34,62,4.386798092274837,0.18563903507615995
34,63,0.8287252468874176,0.5468290010771439
34,64,9.10655530793888,0.0989456812465551
34,65,1.018501651767137,0.4954169837436251
35,36,4.041333193702249,0.19836022765748224
35,37,3.8323548261685443,0.206938446362573
35,38,1.1445599439859608,0.466296128865189
35,39,8.600269113879822,0.10416374667604117
35,40,2.777691209955835,0.26471194823032956
35,41,1.7117084950318395,0.3687712015624521
35,42,2.4117082681260746,0.29310829690290696
35,43,0.8939922838463666,0.527985255551926
35,44,3.688963467924078,0.21326675006976015
35,45,0.7175462869490452,0.5822259391776539
35,46,4.30550179295853,0.18848358534666815
35,47,2.475784367112008,0.28770484425387105
35,48,2.1401774381463077,0.31845334211123894
35,49,3.079183742144477,0.24514708412577849
35,50,1.1135287104766503,0.47314237797814274
35,51,1.3160210397310357,0.4317750067227939
35,52,2.0368099864562916,0.32929291080437934
35,53,3.204805834272912,0.2378231098922831
35,54,3.8344989034136594,0.20684667014690933
35,55,2.2318106956267694,0.3094240641486776
35,56,7.818632747994226,0.11339626318234505
35,57,1.8292834860728417,0.35344637782763855
35,58,2.495098886928543,0.2861149376173415
35,59,1.3564749004824783,0.42436267825099866
35,60,1.17404227324358,0.45997265660710546
35,61,1.4657391578761882,0.40555790210239784
35,62,4.129227247418318,0.19496114166189998
35,63,0.6017526383942167,0.6243161247435287
35,64,8.78373299725833,0.10221047531450698
35,65,1.2788699616429045,0.43881398097812946
36,37,0.5605239631073726,0.6408104096067601
36,38,3.2341235155077293,0.23617638841603003
36,39,4.559126604409788,0.17988437234128613
36,40,2.049419236176782,0.3279312952894443
36,41,3.793546215207518,0.20861382264919057
36,42,2.2204945712987825,0.31051131366966206
36,43,4.318835974570012,0.18801106196564793
36,44,1.2547949654064516,0.4434993049666221
36,45,3.8724892254613397,0.20523390688571863
36,46,0.6562283129082672,0.6037814908767271
36,47,1.7287027974790252,0.3664745024353231
36,48,2.2976890835139945,0.3032426571077486
36,49,1.4838237511895895,0.4026050558221231
36,50,2.9728161860868534,0.25171061362015357
36,51,3.7573529944100237,0.21020092500493828
36,52,2.2999030208619273,0.3030392086306834
36,53,1.0110052582533635,0.49726374204935647
36,54,0.4688980594260252,0.6807824365911083
36,55,2.4205678756279987,0.2923491175617748
36,56,4.894913604065327,0.16963777031615304
36,57,2.5835150702393,0.2790556145012171
36,58,1.8547050952768849,0.35029888083869043
36,59,4.622702578749912,0.17785041730276416
36,60,4.578688003819006,0.1792536164982572
36,61,3.8529664627909535,0.20605953238442482
36,62,1.1681224737642584,0.46122855701219523
36,63,3.585025547817876,0.2181012929090273
36,64,4.780764143698826,0.17298751084491562
36,65,4.118161444692297,0.19538266051318742
37,38,3.158179575848367,0.24048985421606675
37,39,4.821704727804821,0.17177099264824242
37,40,2.2489238315623346,0.30779422721003663
37,41,3.8284631059846883,0.20710523784691232
37,42,2.336861101096756,0.2996828365649745
37,43,4.218892065982838,0.19161155037447145
37,44,1.6672059854249137,0.3749241736350894
37,45,3.761531971628233,0.21001644133832081
37,46,0.47560030050795576,0.6776902929985601
37,47,1.7570742311250893,0.36270332830027807
37,48,2.344739151200847,0.29897697691641345
37,49,1.7194729869898513,0.36771830600416694
37,50,2.8262378462598705,0.2613533293486957
37,51,3.7342020203711717,0.21122883977004386
37,52,2.312750995960661,0.3018639195095951
37,53,0.6339639753392676,0.6120085969412914
37,54,0.9147990208183087,0.5222480213994677
37,55,2.5108532013928717,0.2848310489322843
37,56,4.617232299050214,0.17802361496943686
37,57,2.586332380622394,0.2788363971513577
37,58,1.9350010560173652,0.3407153799654658
37,59,4.5654833448304695,0.17967891340989378
37,60,4.498721888329503,0.1818604432645342
37,61,3.8507197401552666,0.2061549736056264
37,62,1.6786412818181602,0.3733235975969272
37,63,3.436630054984403,0.22539630025643767
37,64,5.132939795066553,0.1630539404290937
37,65,4.081762958412946,0.19678210262532667
38,39,7.750944977270555,0.11427337305826632
38,40,1.6697897566734863,0.3745613292209134
38,41,0.9260567226272788,0.5191955087573582
38,42,1.307319033945109,0.43340343718752067
38,43,1.0875890133779074,0.47902149014566325
38,44,2.6535405682958784,0.27370710172966006
38,45,0.6609447344399944,0.6020669919141897
38,46,3.6285669343680222,0.2160495924936945
38,47,1.5281302079306582,0.3955492469743188
38,48,1.063509110887673,0.4846113810322958
38,49,2.0482028153048026,0.32806216009613054
38,50,0.49181213324316475,0.670325691631173
38,51,0.6411697029340517,0.6093215090506602
38,52,0.9928719783483213,0.5017883792158055
38,53,2.585101235832615,0.2789321512054197
38,54,2.9405155527562674,0.2537739000422245
38,55,1.1099605177917047,0.4739425176763995
38,56,7.528511640728686,0.11725375330724867
38,57,0.7355055146981001,0.5762009924664256
38,58,1.4784335134629396,0.40348066412432054
38,59,1.407558191455368,0.4153586000741691
38,60,1.3464158655519283,0.42618191203066136
38,61,0.8040669728174243,0.5543031467608394
38,62,3.1046161415032842,0.2436281409822059
38,63,0.5431066450154034,0.6480433502313238
38,64,7.85167135028742,0.11297301497389296
38,65,0.942139887727839,0.5148959692959741
39,40,6.292972085723101,0.13711830900294056
39,41,8.168425602384126,0.10906998031809992
39,42,6.578598134612551,0.13195052465347856
39,43,8.837780370731071,0.10164894542422961
39,44,5.229449794936454,0.16052782074154284
39,45,8.403755075792446,0.10634049823078053
39,46,4.374876374815593,0.18605079080247852
39,47,6.22281809941636,0.13845011548619854
39,48,6.737082336693363,0.1292476874980983
39,49,5.772129185369846,0.14766404665763727
39,50,7.526594457128027,0.11728011752265573
39,51,8.212599344459793,0.10854699771583715
39,52,6.773552540935393,0.1286413122872737
39,53,5.45316992679782,0.15496260153437771
39,54,4.810493953024387,0.17210240783049016
39,55,6.79696511101398,0.128255030741051
39,56,4.553386671743435,0.1800702992802875
39,57,7.052926042204584,0.12417846566069271
39,58,6.293114715138083,0.13711562741832817
39,59,9.097568672967963,0.0990337409318229
39,60,9.077498924297743,0.09923097065174688
39,61,8.279280273132322,0.10776697874892824
39,62,4.798024258953113,0.17247254501493914
39,63,8.136068009374606,0.10945627801521295
39,64,0.9608224394633498,0.5099900836883967
39,65,8.579544833610703,0.10438909336186926
40,41,1.8776549123560076,0.3475051840671456
40,42,0.3660063703892443,0.7320610076767428
40,43,2.67758926384838,0.271917261079221
40,44,1.0662645946471865,0.48396512362965277
40,45,2.31083450428069,0.3020386548186163
40,46,2.6330128619019835,0.27525363603487824
40,47,0.7298219402687988,0.5780941822512721
40,48,0.646476589974624,0.6073575573980146
40,49,0.567907141412505,0.6377928727967361
40,50,1.7178172891831167,0.36794232047164804
40,51,1.968801591238078,0.33683625168867226
40,52,0.7716711504910759,0.5644388348948493
40,53,1.936877922566986,0.34049763945446776
40,54,1.6222508075769475,0.38135177501347983
40,55,0.563147731266568,0.639734799211673
40,56,6.865936273637107,0.12713044769400514
40,57,0.9486544731095756,0.5131746103783319
40,58,0.5120591644208924,0.6613497828195054
40,59,2.851138964396423,0.25966344222967475
40,60,2.8648213423061377,0.258744172480506
40,61,2.008155038109562,0.33242967444538285
40,62,1.5116153883313717,0.3981501326380886
40,63,2.187472508428102,0.31372819604117896
40,64,6.29618304898137,0.1370579648683035
40,65,2.3309541548511747,0.3002142790057942
41,42,1.5986603006878042,0.38481366715585086
41,43,1.074985209136559,0.4819311461097687
41,44,2.94388411325566,0.2535571460223521
41,45,0.99491681437779,0.5012740344824341
41,46,4.279357121443133,0.18941700229717479
41,47,2.08065665305854,0.3246061189607674
41,48,1.4978081134567092,0.4003510095962108
41,49,2.4023797645469838,0.29391192906214186
41,50,1.416650624327825,0.41379585031168636
41,51,0.39685893663251226,0.7158919013044776
41,52,1.5159440837356577,0.3974651131813734
41,53,3.3167432786220683,0.23165612024053614
41,54,3.4243520121781126,0.22602179872837447
41,55,1.3848068075415907,0.4193211780667731
41,56,8.331527909281917,0.10716358668394664
41,57,1.24405807865316,0.44562126511457334
41,58,1.938918790269133,0.3402611883360086
41,59,1.0436536460556634,0.4893197053864982
41,60,1.1223703543796344,0.47117130049260353
41,61,0.25741104042954194,0.7952848892263518
41,62,3.386948690537191,0.22794887073948158
41,63,1.2396671887924495,0.4464949100491869
41,64,8.166950341146034,0.10908753323463319
41,65,0.5803837515951522,0.6327577077343748
42,43,2.332566715517472,0.30006901147505544
42,44,1.3792851423072037,0.42029430698259873
42,45,1.9539085643679166,0.33853451391918155
42,46,2.7565775888122626,0.2661997460076887
42,47,0.6262945866517887,0.6148947479796988
42,48,0.29062106914263597,0.7748207618091215
42,49,0.8065621263226757,0.5535375647642615
42,50,1.3582686389420315,0.42403990092011773
42,51,1.6445184312181307,0.37814068081173297
42,52,0.42710790689193323,0.700717861046596
42,53,1.934603475024172,0.3407615401913075
42,54,1.8304579091386746,0.35329972467398607
42,55,0.2191954843165971,0.8202130116652588
42,56,6.939309223519581,0.1259555424592329
42,57,0.5826670092296639,0.6318448506023594
42,58,0.4103692253413853,0.7090341890847386
42,59,2.5312941035241723,0.2831823039044006
42,60,2.532948771460718,0.28304967456025243
42,61,1.7011416381549211,0.3702138332453657
42,62,1.8314413456653422,0.35317701407832497
42,63,1.8217674198793339,0.35438781841302947
42,64,6.6126611342233605,0.13136010947662122
42,65,2.010492122128346,0.332171604984312
43,44,3.7069834970813815,0.21245028809216376
43,45,0.460049592560549,0.6849082422236487
43,46,4.692641545433931,0.17566537292377038
43,47,2.6151687861273922,0.27661225772841735
43,48,2.12275132478439,0.3202304301541029
43,49,3.1110499723551075,0.24324686071065377
43,50,1.4058701990386553,0.4156500215180283
43,51,0.7607490841346962,0.5679400937990212
43,52,2.069572595889997,0.325778253734396
43,53,3.6251838876149827,0.21620761991274232
43,54,4.027631110249085,0.19890082984836507
43,55,2.1183807214631964,0.32067925289468285
43,56,8.467241322130556,0.10562739091295867
43,57,1.7970402833205759,0.3575207714966569
43,58,2.554696745514666,0.2813179496287004
43,59,0.47160378909485295,0.6795307319880409
43,60,0.31362914002792563,0.7612498608083113
43,61,0.8236808411356118,0.5483415614419116
43,62,4.159733143034542,0.19380847270172583
43,63,0.8338072158660746,0.5453135920439258
43,64,8.926694966915681,0.10073846364100675
43,65,0.5069223301042339,0.6636042084072308
44,45,3.31211771146019,0.23190461553086295
44,46,1.9090149975449948,0.34375897025073093
44,47,1.237550187627433,0.4469173498451631
44,48,1.5906834016044955,0.3859985359000899
44,49,0.6104395885641943,0.6209484709026318
44,50,2.5792980690826885,0.27938438786023834
44,51,3.0224582629840886,0.24860419540018874
44,52,1.6675156686861072,0.3748806470900892
44,53,1.676348700590235,0.3736433895102916
44,54,0.7878312289792635,0.559336912674322
44,55,1.5975733739503868,0.3849746883104215
44,56,6.142869803324575,0.13999975185527816
44,57,1.9191647209761717,0.342563745311912
44,58,1.1943128462018837,0.4557235317338141
44,59,3.908377407635963,0.20373331489226967
44,60,3.912213850017633,0.20357419903378401
44,61,3.070645272873879,0.24566129764827166
44,62,0.45275984065637626,0.6883450189180523
44,63,3.1297519308228177,0.24214529510511265
44,64,5.234816717175679,0.16038963859919073
44,65,3.3874761954430115,0.22792146451726292
45,46,4.235760780591312,0.1909942111387035
45,47,2.183046601379242,0.3141644233441921
45,48,1.7214351278948374,0.3674531829731869
45,49,2.7082231031206323,0.269670937317244
45,50,0.9458549812998518,0.5139129121184506
45,51,0.6008785967654867,0.6246569864950793
45,52,1.6538162177210447,0.37681584479076946
45,53,3.165674200158023,0.2400571796906406
45,54,3.593781531186676,0.21768558065095397
45,55,1.7477025373172643,0.3639404143711844
45,56,8.017039147798538,0.11090114877056341
45,57,1.3929544384629255,0.4178934558579951
45,58,2.139338829860804,0.31853841021816026
45,59,0.8782850592337527,0.5324005507491768
45,60,0.7600523852123292,0.5681649071367624
45,61,0.7483108659023509,0.5719806583046504
45,62,3.7637727821055753,0.20991765261272655
45,63,0.3967594395808608,0.7159428972966738
45,64,8.512103118314453,0.10512922195666864
45,65,0.6018437436380177,0.6242806166154858
46,47,2.2001205082938577,0.3124882320550951
46,48,2.7871594741211396,0.2640501428137148
46,49,2.080364184636574,0.32463693903063007
46,50,3.301553686878507,0.23247414138998376
46,51,4.197597612447745,0.19239657906666274
46,52,2.7640769078891623,0.2656693857407884
46,53,1.1018876963851434,0.4757628115525936
46,54,1.1212462016497777,0.47142099734687093
46,55,2.940825795490199,0.2537539216131755
46,56,4.255875618310418,0.19026325442637956
46,57,3.0413496276216656,0.24744209042574228
46,58,2.364064967945503,0.2972594196391869
46,59,5.035160990043555,0.1656956627420113
46,60,4.970932956915986,0.16747801511348814
46,61,4.31025201284235,0.18831497969994515
46,62,1.8087703618327917,0.3560276815750346
46,63,3.91216805480412,0.20357609691753034
46,64,4.724912137822878,0.1746751698411723
46,65,4.547928077570332,0.1802474700497454
47,48,0.5878487584061562,0.6297829026259248
47,49,0.6518096395715967,0.605396636539398
47,50,1.3623836816845263,0.42330126463070467
47,51,2.028685625783647,0.33017622941346325
47,52,0.5717253596284715,0.6362434721015017
47,53,1.3131632106699653,0.4323084490481622
47,54,1.4124652989347841,0.41451373432875765
47,55,0.7649068948350191,0.5666021266767608
47,56,6.333007116701136,0.1363697026452451
47,57,0.8549664957862798,0.5390932948231617
47,58,0.2285880416219848,0.8139424820379968
47,59,2.89765485006103,0.2565645339233518
47,60,2.8618896687244866,0.2589405927617508
47,61,2.126128604140537,0.3198844726590923
47,62,1.6623721912078167,0.37560488473489434
47,63,1.9443538053236349,0.3396330964682021
47,64,6.337328678304431,0.13628938321338607
47,65,2.3901649201982,0.29497090069044096
48,49,0.9887850717834857,0.5028195425377104
48,50,1.0713961978203383,0.48276616566751784
48,51,1.4779219351773036,0.40356396454775584
48,52,0.1421734686404511,0.8755237513880597
48,53,1.8792429286166794,0.34731352122498604
48,54,1.9455766168055846,0.3394921029365309
48,55,0.23607123950635883,0.8090148593695643
48,56,6.908589379357857,0.12644479970221892
48,57,0.32848133929817236,0.7527392146345792
48,58,0.44801346347454346,0.6906013136096648
48,59,2.3607314163923454,0.2975542749778776
48,60,2.3441781882694674,0.2990271282516426
48,61,1.559741764759453,0.39066440754580306
48,62,2.042446322693918,0.3286828735616132
48,63,1.5580656973306146,0.3909203743451613
48,64,6.804398356497588,0.12813287512002067
48,65,1.844206405469358,0.3515919231730221
49,50,1.970959712834244,0.33659157196918615
49,51,2.4457251227708054,0.29021467597388373
49,52,1.0587071255827136,0.485741749068339
49,53,1.4972620094318383,0.40043855879884777
49,54,1.054719638495407,0.48668440271114644
49,55,1.0248500127469162,0.4938637398843175
49,56,6.327452328179783,0.13647308166771938
49,57,1.3164468398750022,0.4316956395398916
49,58,0.5841216506525272,0.6312646504061621
49,59,3.332660507024644,0.2308050673203397
49,60,3.326384675338062,0.23113987198141608
49,61,2.5072591745213533,0.28512292654747223
49,62,1.0576394625350594,0.48599378958643075
49,63,2.519511776441802,0.28413031793034427
49,64,5.817813208204112,0.14667459630555224
49,65,2.8125154962544614,0.2622940158492293
50,51,1.1225963613024903,0.4711211317569438
50,52,0.9512005156977024,0.5125049895973526
50,53,2.22282164019726,0.3102871060338272
50,54,2.7355470415346512,0.2676984090633152
50,55,1.212517037434074,0.45197392068886927
50,56,7.092146856348469,0.12357660059215038
50,57,0.8008686560791555,0.5552875811483089
50,58,1.3880554497165496,0.41875074555689024
50,59,1.7994552869006655,0.3572123493735528
50,60,1.7017857138523238,0.3701255783805875
50,61,1.2911381006028055,0.43646430555054583
50,62,3.017079810028363,0.2489370506166118
50,63,0.6136027534703226,0.6197312181386235
50,64,7.683036958306992,0.11516707861565739
50,65,1.386442771493365,0.4190337233078628
51,52,1.4583055642547345,0.4067842560097537
51,53,3.184946969239662,0.23895165395170684
51,54,3.422227918400458,0.2261303619922207
51,55,1.4255062741401603,0.4122850600971952
51,56,8.158960066169172,0.1091827011773685
51,57,1.1744723030359057,0.4598816911136751
51,58,1.925164849924466,0.34186107494961254
51,59,0.8870267304557526,0.5299341995852285
51,60,0.898763404378947,0.5266585598257214
51,61,0.1771697063883021,0.8494951871197228
51,62,3.473549155187804,0.22353616006215962
51,63,0.853197977767338,0.5396077548092092
51,64,8.256936171010539,0.10802710330137606
51,65,0.36700444910086705,0.7315265145316385
52,53,1.8203290430087935,0.3545685573386772
52,54,1.9692307382330525,0.3367875682827822
52,55,0.3677073648216065,0.731150555828463
52,56,6.850443491650818,0.1273813385273749
52,57,0.28383388538207266,0.7789169700115816
52,58,0.4858888262489109,0.6729978598227129
52,59,2.3320818773674206,0.3001126733386487
52,60,2.304097689722445,0.3026544896388954
52,61,1.5544703749355817,0.3914705802862239
52,62,2.1163428997569285,0.3208889496974158
52,63,1.4644579035029184,0.40576874881028613
52,64,6.859830703119176,0.12722920349965677
52,65,1.8212775654947957,0.35444935026257157
53,54,1.1196706067397328,0.47177141430389546
53,55,2.075908225731516,0.32510722902409706
53,56,5.030604697691842,0.1658208504999077
53,57,2.076184166640152,0.3250780661458943
53,58,1.5247754902716428,0.3960748208516588
53,59,3.9902941704937662,0.20038898827101703
53,60,3.912665151857068,0.2035554976959876
53,61,3.3133643137453763,0.23183759294648612
53,62,1.8496556084355298,0.3509195978067691
53,63,2.82771410317564,0.26125253167950974
53,64,5.745284808556322,0.14825170891694753
53,65,3.5212778786746393,0.22117640782856252
54,55,2.040220275572439,0.32892353492764975
54,56,5.363376282970178,0.15714927980547438
54,57,2.251440604593493,0.3075559795209679
54,58,1.4976047115643032,0.40038361369589126
54,59,4.300840694462063,0.18864932142645374
54,60,4.271812038361826,0.1896880982711861
54,61,3.504298547598622,0.2220101508442708
54,62,0.7705616841099984,0.5647925226071219
54,63,3.3374862781094383,0.23054827978288517
54,64,4.949335398546338,0.16808600171446716
54,65,3.787534318327715,0.20887578730700354
55,56,7.097784126578552,0.12349057277506316
55,57,0.4131113532638729,0.7076583155957903
55,58,0.5769238547775488,0.6341460286559407
55,59,2.3121909184958787,0.3019149634206825
55,60,2.3150663344521143,0.3016530889917385
55,61,1.4824347257962873,0.4028303300821862
55,62,2.049395033266023,0.3279338980653354
55,63,1.635792099263093,0.37939259332311415
55,64,6.831508346995436,0.1276893231408801
55,65,1.791361494536484,0.35824811725650524
56,57,7.100798096532627,0.123444627070514
56,58,6.530851224459543,0.13278711399211923
56,59,8.888494810204216,0.10112762550758199
56,60,8.775911664517785,0.10229225000360381
56,61,8.302646351143817,0.10749629323241379
56,62,5.952743421308602,0.1438281178239979
56,63,7.633521607174451,0.11582758988742214
56,64,5.477380017877197,0.15438340768027464
56,65,8.467951393539803,0.10561946913693733
57,58,0.7602474731435287,0.5681019375157262
57,59,2.0494070876701924,0.3279326017321026
57,60,2.0248114031894735,0.33059912394721963
57,61,1.2722673298174754,0.44008906297144496
57,62,2.370886567566941,0.2966578613536041
57,63,1.2395252282531033,0.4465232127704272
57,64,7.129670301403363,0.12300621832442304
57,65,1.5376516469673562,0.39406511969247593
58,59,2.8063331965776057,0.26272003746259825
58,60,2.785000101120725,0.2642007855439432
58,61,2.007522251207779,0.3324996181153486
58,62,1.6386382545079137,0.378983363214558
58,63,1.93721383950257,0.34045869815503604
58,64,6.373946007579072,0.13561260130901182
58,65,2.2910413783950525,0.3038551889881347
59,60,0.1947781007998005,0.8369755014178671
59,61,0.8509184980685088,0.5402723032070462
59,62,4.358902695515357,0.1866053662136576
59,63,1.2730368033580182,0.43994008303018817
59,64,9.143155017064045,0.09858865395605991
59,65,0.5209133054188508,0.6574996723594352
60,61,0.9010031254683606,0.5260380620119309
60,62,4.3643560881144685,0.1864156636088438
60,63,1.1442401556247197,0.46636567148359004
60,64,9.143555247336957,0.09858476398228673
60,65,0.5540255484369732,0.6434900642436621
61,62,3.5190853338006445,0.2212837169770767
61,63,1.0263548651675023,0.49349697685717947
61,64,8.30412538205825,0.10747920507696133
61,65,0.3472248602294452,0.7422665877986325
62,63,3.5758295424445836,0.21853960920619467
62,64,4.785100366864955,0.1728578480206934
62,65,3.838077189598614,0.2066936844558621
63,64,8.279591205995198,0.10776336778218606
63,65,0.9693861175950376,0.5077724429281413
64,65,8.622244129532927,0.10392586038539234
